UTC,Open,High,Low,Close,Volume
24.11.2022 00:00:00.000 UTC,1.04178,1.04181,1.04174,1.04177,321.33
24.11.2022 00:01:00.000 UTC,1.04175,1.04183,1.04169,1.04183,355.92
24.11.2022 00:02:00.000 UTC,1.04184,1.04186,1.04176,1.04184,398.1
24.11.2022 00:03:00.000 UTC,1.04183,1.04192,1.04166,1.04171,497.63
24.11.2022 00:04:00.000 UTC,1.04171,1.04171,1.04145,1.04146,377.2
24.11.2022 00:05:00.000 UTC,1.04146,1.04153,1.0412,1.0412,381.73
24.11.2022 00:06:00.000 UTC,1.04119,1.04121,1.04113,1.04121,337.22
24.11.2022 00:07:00.000 UTC,1.04121,1.04121,1.04062,1.04063,421.18
24.11.2022 00:08:00.000 UTC,1.04065,1.04066,1.04054,1.04063,433.39
24.11.2022 00:09:00.000 UTC,1.04065,1.04068,1.04058,1.0406,269.3
24.11.2022 00:10:00.000 UTC,1.04061,1.04068,1.04058,1.04065,235.33
24.11.2022 00:11:00.000 UTC,1.04064,1.04068,1.0406,1.04065,279.58
24.11.2022 00:12:00.000 UTC,1.04064,1.04069,1.04055,1.04056,420.76
24.11.2022 00:13:00.000 UTC,1.04055,1.04071,1.04052,1.04071,148
24.11.2022 00:14:00.000 UTC,1.0407,1.0407,1.0406,1.0406,209.82
24.11.2022 00:15:00.000 UTC,1.04061,1.04065,1.04053,1.04061,309.68
24.11.2022 00:16:00.000 UTC,1.04062,1.04079,1.04061,1.04065,244.63
24.11.2022 00:17:00.000 UTC,1.04065,1.04067,1.04052,1.04058,448.55
24.11.2022 00:18:00.000 UTC,1.04059,1.04075,1.04059,1.04066,223.92
24.11.2022 00:19:00.000 UTC,1.04067,1.04075,1.04066,1.04071,228.88
24.11.2022 00:20:00.000 UTC,1.04073,1.04081,1.04071,1.04078,173.22
24.11.2022 00:21:00.000 UTC,1.04079,1.04079,1.04061,1.04061,171.24
24.11.2022 00:22:00.000 UTC,1.04061,1.04062,1.0405,1.04053,111.72
24.11.2022 00:23:00.000 UTC,1.04052,1.04067,1.04052,1.04063,158.64
24.11.2022 00:24:00.000 UTC,1.04062,1.04064,1.04056,1.04056,223.7
24.11.2022 00:25:00.000 UTC,1.04058,1.04064,1.04051,1.04062,230.02
24.11.2022 00:26:00.000 UTC,1.04061,1.04068,1.04059,1.04062,173.9
24.11.2022 00:27:00.000 UTC,1.04062,1.04063,1.04056,1.04057,175.42
24.11.2022 00:28:00.000 UTC,1.04058,1.04073,1.04056,1.04073,157.08
24.11.2022 00:29:00.000 UTC,1.04073,1.04075,1.04067,1.04071,239.37
24.11.2022 00:30:00.000 UTC,1.04071,1.04082,1.04067,1.04082,359.24
24.11.2022 00:31:00.000 UTC,1.04081,1.0409,1.04079,1.04084,301.74
24.11.2022 00:32:00.000 UTC,1.04085,1.04108,1.04084,1.04104,314.98
24.11.2022 00:33:00.000 UTC,1.04104,1.04115,1.04103,1.04115,242.8
24.11.2022 00:34:00.000 UTC,1.04118,1.04132,1.04118,1.04124,237.28
24.11.2022 00:35:00.000 UTC,1.04127,1.04142,1.04125,1.04127,224.77
24.11.2022 00:36:00.000 UTC,1.04128,1.04128,1.04108,1.0411,360.1
24.11.2022 00:37:00.000 UTC,1.0411,1.04119,1.04109,1.04119,423.5
24.11.2022 00:38:00.000 UTC,1.04119,1.04126,1.04117,1.04124,293.04
24.11.2022 00:39:00.000 UTC,1.04124,1.04127,1.04117,1.04119,228.44
24.11.2022 00:40:00.000 UTC,1.0412,1.0412,1.0411,1.04119,305.82
24.11.2022 00:41:00.000 UTC,1.04117,1.04129,1.04116,1.04127,236.98
24.11.2022 00:42:00.000 UTC,1.04126,1.04146,1.04126,1.04141,358.16
24.11.2022 00:43:00.000 UTC,1.04141,1.04141,1.0413,1.04132,196.88
24.11.2022 00:44:00.000 UTC,1.0413,1.04132,1.04115,1.04117,400.94
24.11.2022 00:45:00.000 UTC,1.04117,1.04124,1.04112,1.04117,256.8
24.11.2022 00:46:00.000 UTC,1.04117,1.04128,1.04109,1.04127,297.7
24.11.2022 00:47:00.000 UTC,1.04127,1.04129,1.04123,1.04124,174.38
24.11.2022 00:48:00.000 UTC,1.04122,1.04126,1.04117,1.04121,119.12
24.11.2022 00:49:00.000 UTC,1.0412,1.04126,1.04116,1.04119,237
24.11.2022 00:50:00.000 UTC,1.04119,1.04119,1.04111,1.04111,103.42
24.11.2022 00:51:00.000 UTC,1.0411,1.0413,1.04107,1.04124,380.02
24.11.2022 00:52:00.000 UTC,1.04123,1.04128,1.0412,1.04125,343.3
24.11.2022 00:53:00.000 UTC,1.04126,1.04133,1.04117,1.04128,391.74
24.11.2022 00:54:00.000 UTC,1.04128,1.04143,1.04124,1.04132,441.68
24.11.2022 00:55:00.000 UTC,1.04134,1.04138,1.04127,1.04129,400.56
24.11.2022 00:56:00.000 UTC,1.0413,1.04145,1.0413,1.04139,234.59
24.11.2022 00:57:00.000 UTC,1.04138,1.04166,1.04138,1.04156,677.37
24.11.2022 00:58:00.000 UTC,1.04156,1.04164,1.04153,1.04159,180.02
24.11.2022 00:59:00.000 UTC,1.04159,1.04163,1.04149,1.04151,180.06
24.11.2022 01:00:00.000 UTC,1.0415,1.04159,1.04141,1.04149,376.76
24.11.2022 01:01:00.000 UTC,1.04152,1.04173,1.04152,1.04169,481.53
24.11.2022 01:02:00.000 UTC,1.04171,1.04219,1.0417,1.04218,1065.73
24.11.2022 01:03:00.000 UTC,1.0422,1.04221,1.04187,1.04211,698.08
24.11.2022 01:04:00.000 UTC,1.04211,1.04214,1.04199,1.04204,708.87
24.11.2022 01:05:00.000 UTC,1.04203,1.04205,1.04181,1.0419,542.35
24.11.2022 01:06:00.000 UTC,1.04188,1.04204,1.04184,1.04197,897.86
24.11.2022 01:07:00.000 UTC,1.04196,1.04216,1.0419,1.04199,657.65
24.11.2022 01:08:00.000 UTC,1.04197,1.04209,1.04195,1.04207,530.61
24.11.2022 01:09:00.000 UTC,1.04208,1.04208,1.04193,1.04196,471.2
24.11.2022 01:10:00.000 UTC,1.04198,1.04198,1.04171,1.04171,311.89
24.11.2022 01:11:00.000 UTC,1.04171,1.04171,1.04156,1.04159,256.71
24.11.2022 01:12:00.000 UTC,1.04159,1.04169,1.04149,1.04156,259.81
24.11.2022 01:13:00.000 UTC,1.04157,1.04161,1.04151,1.04157,302.9
24.11.2022 01:14:00.000 UTC,1.04156,1.04162,1.04151,1.04162,262.84
24.11.2022 01:15:00.000 UTC,1.04163,1.04183,1.04163,1.04183,470.41
24.11.2022 01:16:00.000 UTC,1.0418,1.04195,1.0417,1.04195,544.74
24.11.2022 01:17:00.000 UTC,1.04194,1.04199,1.0419,1.04192,364.4
24.11.2022 01:18:00.000 UTC,1.04193,1.04197,1.04188,1.04191,342.7
24.11.2022 01:19:00.000 UTC,1.0419,1.04202,1.0419,1.04194,322.49
24.11.2022 01:20:00.000 UTC,1.04194,1.04217,1.04193,1.04214,430.17
24.11.2022 01:21:00.000 UTC,1.04213,1.04214,1.04181,1.04181,574.97
24.11.2022 01:22:00.000 UTC,1.04182,1.04184,1.04171,1.04178,314.31
24.11.2022 01:23:00.000 UTC,1.04178,1.04187,1.04176,1.04187,483.22
24.11.2022 01:24:00.000 UTC,1.04187,1.04195,1.04185,1.0419,515.78
24.11.2022 01:25:00.000 UTC,1.0419,1.04208,1.04189,1.04201,416.73
24.11.2022 01:26:00.000 UTC,1.04201,1.04201,1.04194,1.04195,291.04
24.11.2022 01:27:00.000 UTC,1.04194,1.04197,1.04181,1.04188,516.75
24.11.2022 01:28:00.000 UTC,1.04189,1.0419,1.04163,1.04164,422.25
24.11.2022 01:29:00.000 UTC,1.04166,1.04166,1.04152,1.04152,373.12
24.11.2022 01:30:00.000 UTC,1.04152,1.04166,1.04152,1.04163,250.67
24.11.2022 01:31:00.000 UTC,1.04164,1.04171,1.04156,1.04164,286.34
24.11.2022 01:32:00.000 UTC,1.04164,1.04164,1.04137,1.04141,119.44
24.11.2022 01:33:00.000 UTC,1.04141,1.04141,1.04132,1.04136,104.38
24.11.2022 01:34:00.000 UTC,1.04136,1.04137,1.04117,1.04119,183.89
24.11.2022 01:35:00.000 UTC,1.04119,1.04125,1.04111,1.04121,330.03
24.11.2022 01:36:00.000 UTC,1.04121,1.04128,1.04121,1.04126,111.5
24.11.2022 01:37:00.000 UTC,1.04126,1.04132,1.04123,1.0413,186.56
24.11.2022 01:38:00.000 UTC,1.04135,1.04158,1.04135,1.04152,321.9
24.11.2022 01:39:00.000 UTC,1.04152,1.04159,1.04146,1.04152,241.87
24.11.2022 01:40:00.000 UTC,1.04153,1.04166,1.04151,1.04166,294.87
24.11.2022 01:41:00.000 UTC,1.04165,1.04178,1.04165,1.04175,220.55
24.11.2022 01:42:00.000 UTC,1.04173,1.04212,1.04171,1.04208,380.26
24.11.2022 01:43:00.000 UTC,1.04207,1.04229,1.04202,1.04227,328.06
24.11.2022 01:44:00.000 UTC,1.04226,1.04232,1.04217,1.04232,274.2
24.11.2022 01:45:00.000 UTC,1.04231,1.04249,1.04224,1.04234,432.56
24.11.2022 01:46:00.000 UTC,1.04233,1.04239,1.04231,1.04239,287.63
24.11.2022 01:47:00.000 UTC,1.04239,1.04246,1.04231,1.04232,236.31
24.11.2022 01:48:00.000 UTC,1.04231,1.04237,1.04226,1.04226,252.93
24.11.2022 01:49:00.000 UTC,1.04227,1.04228,1.04219,1.04222,198.15
24.11.2022 01:50:00.000 UTC,1.04224,1.04224,1.04201,1.04207,477.32
24.11.2022 01:51:00.000 UTC,1.04208,1.0421,1.04197,1.04201,416.56
24.11.2022 01:52:00.000 UTC,1.04203,1.04208,1.04191,1.04197,335.35
24.11.2022 01:53:00.000 UTC,1.04198,1.04217,1.04195,1.04211,474.6
24.11.2022 01:54:00.000 UTC,1.0421,1.04228,1.04206,1.04227,448.63
24.11.2022 01:55:00.000 UTC,1.04228,1.04232,1.04221,1.04221,339.87
24.11.2022 01:56:00.000 UTC,1.04221,1.04223,1.04211,1.04212,182.89
24.11.2022 01:57:00.000 UTC,1.04211,1.04215,1.04206,1.04212,270.16
24.11.2022 01:58:00.000 UTC,1.04212,1.04235,1.04212,1.04232,496.73
24.11.2022 01:59:00.000 UTC,1.04232,1.0425,1.04226,1.04232,348.29
24.11.2022 02:00:00.000 UTC,1.04233,1.04245,1.04213,1.04219,877.53
24.11.2022 02:01:00.000 UTC,1.04219,1.04231,1.04218,1.04225,510.62
24.11.2022 02:02:00.000 UTC,1.04224,1.04225,1.0419,1.04194,499.24
24.11.2022 02:03:00.000 UTC,1.04194,1.04196,1.0419,1.0419,167.85
24.11.2022 02:04:00.000 UTC,1.04191,1.04192,1.04174,1.04192,319.37
24.11.2022 02:05:00.000 UTC,1.04193,1.04202,1.04187,1.04191,599.38
24.11.2022 02:06:00.000 UTC,1.04192,1.04222,1.0419,1.04213,471.2
24.11.2022 02:07:00.000 UTC,1.04213,1.04228,1.04207,1.04224,492.11
24.11.2022 02:08:00.000 UTC,1.04224,1.04235,1.04222,1.04227,405.58
24.11.2022 02:09:00.000 UTC,1.04227,1.04234,1.04224,1.0423,279.16
24.11.2022 02:10:00.000 UTC,1.04229,1.0424,1.04227,1.04229,224.4
24.11.2022 02:11:00.000 UTC,1.0423,1.04235,1.04226,1.04228,213.86
24.11.2022 02:12:00.000 UTC,1.04227,1.04245,1.04227,1.04237,245.88
24.11.2022 02:13:00.000 UTC,1.04239,1.04259,1.04232,1.04253,345.41
24.11.2022 02:14:00.000 UTC,1.04254,1.04257,1.04248,1.04248,347.52
24.11.2022 02:15:00.000 UTC,1.04246,1.04254,1.04239,1.04249,405.17
24.11.2022 02:16:00.000 UTC,1.04249,1.04249,1.04243,1.04248,360.4
24.11.2022 02:17:00.000 UTC,1.04247,1.04252,1.04242,1.04249,267.16
24.11.2022 02:18:00.000 UTC,1.04249,1.04282,1.04247,1.04281,269.55
24.11.2022 02:19:00.000 UTC,1.04282,1.04289,1.0428,1.04285,370.38
24.11.2022 02:20:00.000 UTC,1.0429,1.04293,1.04276,1.04277,226.98
24.11.2022 02:21:00.000 UTC,1.0428,1.04292,1.0428,1.04286,452.33
24.11.2022 02:22:00.000 UTC,1.04284,1.04286,1.04264,1.04267,361.99
24.11.2022 02:23:00.000 UTC,1.04267,1.04267,1.04246,1.04252,275.48
24.11.2022 02:24:00.000 UTC,1.04251,1.04252,1.04232,1.04235,364.1
24.11.2022 02:25:00.000 UTC,1.04237,1.04251,1.04233,1.0425,465.25
24.11.2022 02:26:00.000 UTC,1.04252,1.04258,1.04244,1.04249,382.3
24.11.2022 02:27:00.000 UTC,1.04251,1.04252,1.04244,1.04251,162.11
24.11.2022 02:28:00.000 UTC,1.0425,1.0425,1.04237,1.04239,207.43
24.11.2022 02:29:00.000 UTC,1.04239,1.04252,1.04239,1.04244,230.97
24.11.2022 02:30:00.000 UTC,1.04244,1.04262,1.04243,1.0426,436.87
24.11.2022 02:31:00.000 UTC,1.0426,1.04286,1.0426,1.04283,329.74
24.11.2022 02:32:00.000 UTC,1.04284,1.04292,1.04281,1.0429,193.79
24.11.2022 02:33:00.000 UTC,1.0429,1.04293,1.04286,1.04289,230.99
24.11.2022 02:34:00.000 UTC,1.04288,1.04298,1.04286,1.04296,139.46
24.11.2022 02:35:00.000 UTC,1.04295,1.04295,1.04266,1.0428,513.94
24.11.2022 02:36:00.000 UTC,1.04279,1.04298,1.04278,1.04294,259.69
24.11.2022 02:37:00.000 UTC,1.04295,1.04307,1.04295,1.04306,247.85
24.11.2022 02:38:00.000 UTC,1.04305,1.04306,1.043,1.04302,243.78
24.11.2022 02:39:00.000 UTC,1.04303,1.04307,1.04299,1.04307,215.59
24.11.2022 02:40:00.000 UTC,1.04307,1.04308,1.04303,1.04307,254.28
24.11.2022 02:41:00.000 UTC,1.04306,1.04319,1.04305,1.04307,263.95
24.11.2022 02:42:00.000 UTC,1.04307,1.04314,1.04303,1.04312,143.26
24.11.2022 02:43:00.000 UTC,1.04313,1.04337,1.04312,1.04331,239.06
24.11.2022 02:44:00.000 UTC,1.0433,1.0433,1.04304,1.04311,304.92
24.11.2022 02:45:00.000 UTC,1.0431,1.0431,1.04295,1.04298,120.05
24.11.2022 02:46:00.000 UTC,1.04299,1.04302,1.04289,1.04298,188.18
24.11.2022 02:47:00.000 UTC,1.04297,1.04303,1.04296,1.04303,147.66
24.11.2022 02:48:00.000 UTC,1.04304,1.04315,1.04303,1.04312,150.28
24.11.2022 02:49:00.000 UTC,1.04312,1.04314,1.04306,1.04306,255.64
24.11.2022 02:50:00.000 UTC,1.04306,1.04315,1.04306,1.04308,219.22
24.11.2022 02:51:00.000 UTC,1.04312,1.04316,1.04309,1.04314,210.82
24.11.2022 02:52:00.000 UTC,1.04314,1.04319,1.04312,1.04316,200.25
24.11.2022 02:53:00.000 UTC,1.04317,1.04351,1.04313,1.0435,572.54
24.11.2022 02:54:00.000 UTC,1.0435,1.04354,1.04347,1.04349,152.33
24.11.2022 02:55:00.000 UTC,1.04349,1.04352,1.04342,1.04347,315.47
24.11.2022 02:56:00.000 UTC,1.04347,1.04347,1.04337,1.04341,153.34
24.11.2022 02:57:00.000 UTC,1.04341,1.0435,1.04334,1.04342,362.65
24.11.2022 02:58:00.000 UTC,1.04342,1.04343,1.04333,1.04337,204.59
24.11.2022 02:59:00.000 UTC,1.04338,1.04339,1.04315,1.04317,151.9
24.11.2022 03:00:00.000 UTC,1.04317,1.04321,1.04307,1.04308,76.7
24.11.2022 03:01:00.000 UTC,1.04309,1.04334,1.04304,1.04333,253.77
24.11.2022 03:02:00.000 UTC,1.04336,1.04342,1.04327,1.04342,270.52
24.11.2022 03:03:00.000 UTC,1.04342,1.04342,1.0433,1.04335,149.9
24.11.2022 03:04:00.000 UTC,1.04334,1.04353,1.04334,1.04351,338.33
24.11.2022 03:05:00.000 UTC,1.0435,1.04353,1.04343,1.04351,400.34
24.11.2022 03:06:00.000 UTC,1.0435,1.0435,1.0434,1.04344,302.14
24.11.2022 03:07:00.000 UTC,1.04344,1.0435,1.04338,1.04348,244.04
24.11.2022 03:08:00.000 UTC,1.04348,1.04354,1.04341,1.04348,182.36
24.11.2022 03:09:00.000 UTC,1.04348,1.04372,1.04348,1.04372,117.89
24.11.2022 03:10:00.000 UTC,1.04376,1.0442,1.04376,1.04388,511.37
24.11.2022 03:11:00.000 UTC,1.04389,1.04389,1.04356,1.04356,426.49
24.11.2022 03:12:00.000 UTC,1.04354,1.04361,1.04349,1.0436,482.57
24.11.2022 03:13:00.000 UTC,1.04361,1.04362,1.04347,1.04353,390.19
24.11.2022 03:14:00.000 UTC,1.04352,1.04376,1.04352,1.04373,331.69
24.11.2022 03:15:00.000 UTC,1.04373,1.04375,1.04355,1.04356,322.55
24.11.2022 03:16:00.000 UTC,1.04357,1.04386,1.04357,1.04379,404.52
24.11.2022 03:17:00.000 UTC,1.04379,1.04384,1.04361,1.04361,381.33
24.11.2022 03:18:00.000 UTC,1.0436,1.04367,1.0435,1.04352,318.61
24.11.2022 03:19:00.000 UTC,1.04351,1.04356,1.04343,1.04354,288.13
24.11.2022 03:20:00.000 UTC,1.04354,1.0437,1.04352,1.04363,339.59
24.11.2022 03:21:00.000 UTC,1.04366,1.04403,1.04366,1.04402,404.77
24.11.2022 03:22:00.000 UTC,1.044,1.044,1.04385,1.04386,292.08
24.11.2022 03:23:00.000 UTC,1.04385,1.04393,1.04379,1.04391,317.52
24.11.2022 03:24:00.000 UTC,1.04392,1.04397,1.04384,1.04397,453.19
24.11.2022 03:25:00.000 UTC,1.04397,1.04401,1.04389,1.04392,313.83
24.11.2022 03:26:00.000 UTC,1.04392,1.04398,1.04387,1.04398,331.28
24.11.2022 03:27:00.000 UTC,1.04399,1.04421,1.04395,1.04421,443.79
24.11.2022 03:28:00.000 UTC,1.0442,1.04421,1.04409,1.04411,238.42
24.11.2022 03:29:00.000 UTC,1.04411,1.04412,1.04398,1.04398,402.57
24.11.2022 03:30:00.000 UTC,1.04398,1.04398,1.04377,1.04377,369.94
24.11.2022 03:31:00.000 UTC,1.04379,1.04383,1.04356,1.04357,248.71
24.11.2022 03:32:00.000 UTC,1.04359,1.04362,1.04343,1.04347,185.44
24.11.2022 03:33:00.000 UTC,1.04345,1.04349,1.0434,1.04343,228.64
24.11.2022 03:34:00.000 UTC,1.04344,1.04348,1.04337,1.04343,228.58
24.11.2022 03:35:00.000 UTC,1.04343,1.0435,1.04343,1.04348,265.49
24.11.2022 03:36:00.000 UTC,1.04351,1.0436,1.04347,1.04353,227.66
24.11.2022 03:37:00.000 UTC,1.04352,1.04363,1.04351,1.04362,300.12
24.11.2022 03:38:00.000 UTC,1.04361,1.04366,1.04357,1.04362,321.33
24.11.2022 03:39:00.000 UTC,1.04362,1.04367,1.04361,1.04363,419.44
24.11.2022 03:40:00.000 UTC,1.04364,1.04371,1.04354,1.04366,394.8
24.11.2022 03:41:00.000 UTC,1.04367,1.04384,1.04362,1.04381,259.1
24.11.2022 03:42:00.000 UTC,1.04379,1.0439,1.04379,1.04381,386.44
24.11.2022 03:43:00.000 UTC,1.04381,1.04386,1.04369,1.04373,441.8
24.11.2022 03:44:00.000 UTC,1.04374,1.04377,1.04367,1.04372,276.85
24.11.2022 03:45:00.000 UTC,1.0437,1.04376,1.0437,1.04373,234.53
24.11.2022 03:46:00.000 UTC,1.04372,1.04386,1.04369,1.04386,201.29
24.11.2022 03:47:00.000 UTC,1.04385,1.0441,1.04383,1.04393,408.1
24.11.2022 03:48:00.000 UTC,1.04392,1.04426,1.04389,1.04426,301.5
24.11.2022 03:49:00.000 UTC,1.04427,1.04435,1.04407,1.04435,320.05
24.11.2022 03:50:00.000 UTC,1.04434,1.04442,1.0443,1.04436,339.86
24.11.2022 03:51:00.000 UTC,1.04438,1.04445,1.04437,1.04442,160.54
24.11.2022 03:52:00.000 UTC,1.04442,1.04442,1.04425,1.04437,162.3
24.11.2022 03:53:00.000 UTC,1.04435,1.04444,1.04432,1.04442,93.62
24.11.2022 03:54:00.000 UTC,1.04443,1.04462,1.04442,1.04456,232.32
24.11.2022 03:55:00.000 UTC,1.04455,1.04457,1.04441,1.04448,371.9
24.11.2022 03:56:00.000 UTC,1.04449,1.04451,1.04441,1.04451,146.6
24.11.2022 03:57:00.000 UTC,1.04453,1.04453,1.04437,1.04437,198.08
24.11.2022 03:58:00.000 UTC,1.04437,1.04469,1.04436,1.04462,328.29
24.11.2022 03:59:00.000 UTC,1.04461,1.04477,1.04455,1.04458,374.81
24.11.2022 04:00:00.000 UTC,1.04458,1.04458,1.04435,1.04437,239.67
24.11.2022 04:01:00.000 UTC,1.04437,1.04439,1.04411,1.04418,368.24
24.11.2022 04:02:00.000 UTC,1.04418,1.04423,1.04404,1.04405,295.04
24.11.2022 04:03:00.000 UTC,1.04405,1.04408,1.04385,1.04385,99.1
24.11.2022 04:04:00.000 UTC,1.04387,1.04387,1.04376,1.0438,117.97
24.11.2022 04:05:00.000 UTC,1.04381,1.04388,1.0438,1.0438,140.2
24.11.2022 04:06:00.000 UTC,1.0438,1.0438,1.04365,1.04372,147.49
24.11.2022 04:07:00.000 UTC,1.04371,1.04373,1.04365,1.04372,168.3
24.11.2022 04:08:00.000 UTC,1.04373,1.04376,1.04347,1.04349,101.34
24.11.2022 04:09:00.000 UTC,1.04349,1.04352,1.04339,1.04341,303.68
24.11.2022 04:10:00.000 UTC,1.0434,1.04348,1.04338,1.04348,346.14
24.11.2022 04:11:00.000 UTC,1.04347,1.04357,1.04347,1.04349,229.03
24.11.2022 04:12:00.000 UTC,1.04349,1.04354,1.04346,1.04349,210.49
24.11.2022 04:13:00.000 UTC,1.04348,1.04367,1.04348,1.04364,178.89
24.11.2022 04:14:00.000 UTC,1.04364,1.04368,1.0436,1.04362,345.61
24.11.2022 04:15:00.000 UTC,1.04363,1.04363,1.04351,1.04351,162.44
24.11.2022 04:16:00.000 UTC,1.04353,1.04357,1.04349,1.04349,76.36
24.11.2022 04:17:00.000 UTC,1.0435,1.0435,1.04342,1.04342,72.76
24.11.2022 04:18:00.000 UTC,1.04345,1.04346,1.04342,1.04346,134.62
24.11.2022 04:19:00.000 UTC,1.04348,1.04348,1.04333,1.04334,236.58
24.11.2022 04:20:00.000 UTC,1.04336,1.04339,1.04319,1.04322,236.02
24.11.2022 04:21:00.000 UTC,1.04324,1.04328,1.0432,1.0432,87.82
24.11.2022 04:22:00.000 UTC,1.04321,1.04336,1.04316,1.04331,209.72
24.11.2022 04:23:00.000 UTC,1.04331,1.04333,1.04327,1.04332,182.52
24.11.2022 04:24:00.000 UTC,1.04333,1.04335,1.04327,1.04329,183.56
24.11.2022 04:25:00.000 UTC,1.0433,1.04333,1.04329,1.04332,184.38
24.11.2022 04:26:00.000 UTC,1.04333,1.04344,1.04332,1.04337,196.89
24.11.2022 04:27:00.000 UTC,1.04337,1.04339,1.04335,1.04337,276.12
24.11.2022 04:28:00.000 UTC,1.04339,1.04353,1.04339,1.04344,232.55
24.11.2022 04:29:00.000 UTC,1.04342,1.04353,1.04342,1.04343,151.26
24.11.2022 04:30:00.000 UTC,1.04344,1.04344,1.04339,1.04339,98.52
24.11.2022 04:31:00.000 UTC,1.04342,1.04344,1.04338,1.04341,173.73
24.11.2022 04:32:00.000 UTC,1.0434,1.0434,1.04334,1.04336,147.34
24.11.2022 04:33:00.000 UTC,1.04337,1.04337,1.04322,1.04329,256.48
24.11.2022 04:34:00.000 UTC,1.0433,1.04336,1.04329,1.04331,360.14
24.11.2022 04:35:00.000 UTC,1.04332,1.04342,1.0433,1.0434,294.92
24.11.2022 04:36:00.000 UTC,1.04339,1.04352,1.04336,1.04351,202.12
24.11.2022 04:37:00.000 UTC,1.04352,1.04383,1.04352,1.04381,283.18
24.11.2022 04:38:00.000 UTC,1.04382,1.04386,1.04381,1.04385,175.04
24.11.2022 04:39:00.000 UTC,1.04387,1.04388,1.04371,1.04371,132.35
24.11.2022 04:40:00.000 UTC,1.04372,1.04377,1.04371,1.04377,33.96
24.11.2022 04:41:00.000 UTC,1.04377,1.04383,1.04373,1.04373,195
24.11.2022 04:42:00.000 UTC,1.04371,1.04392,1.04366,1.04391,255.23
24.11.2022 04:43:00.000 UTC,1.0439,1.0439,1.04381,1.04381,203.03
24.11.2022 04:44:00.000 UTC,1.04381,1.04382,1.04373,1.04375,379.61
24.11.2022 04:45:00.000 UTC,1.04373,1.04394,1.04366,1.0439,283.37
24.11.2022 04:46:00.000 UTC,1.04389,1.04404,1.04389,1.044,429.56
24.11.2022 04:47:00.000 UTC,1.04399,1.04415,1.04396,1.04414,311.23
24.11.2022 04:48:00.000 UTC,1.04412,1.04428,1.04405,1.04424,520.7
24.11.2022 04:49:00.000 UTC,1.04423,1.04446,1.04412,1.04427,504.49
24.11.2022 04:50:00.000 UTC,1.04426,1.0443,1.04419,1.04419,439.31
24.11.2022 04:51:00.000 UTC,1.04419,1.04422,1.04412,1.04418,277.16
24.11.2022 04:52:00.000 UTC,1.04418,1.0443,1.04407,1.0443,186.18
24.11.2022 04:53:00.000 UTC,1.0443,1.04432,1.04425,1.0443,173.84
24.11.2022 04:54:00.000 UTC,1.04431,1.04435,1.04427,1.04432,171.84
24.11.2022 04:55:00.000 UTC,1.04437,1.04451,1.04437,1.0445,244.01
24.11.2022 04:56:00.000 UTC,1.04451,1.04455,1.04436,1.04436,253.88
24.11.2022 04:57:00.000 UTC,1.04437,1.04463,1.04436,1.04462,200.93
24.11.2022 04:58:00.000 UTC,1.04463,1.04484,1.04461,1.04468,467.46
24.11.2022 04:59:00.000 UTC,1.0447,1.04472,1.04461,1.04462,264.82
24.11.2022 05:00:00.000 UTC,1.04463,1.04464,1.04451,1.04462,360.53
24.11.2022 05:01:00.000 UTC,1.04461,1.04464,1.04451,1.04451,282.15
24.11.2022 05:02:00.000 UTC,1.04451,1.04466,1.04451,1.04463,184.03
24.11.2022 05:03:00.000 UTC,1.04463,1.04464,1.04459,1.04459,141.85
24.11.2022 05:04:00.000 UTC,1.0446,1.04462,1.0444,1.04441,178.92
24.11.2022 05:05:00.000 UTC,1.04443,1.04443,1.04432,1.04436,219.72
24.11.2022 05:06:00.000 UTC,1.04436,1.04437,1.04422,1.0443,267.08
24.11.2022 05:07:00.000 UTC,1.0443,1.0443,1.0442,1.0442,187.83
24.11.2022 05:08:00.000 UTC,1.04422,1.04428,1.04415,1.04426,291.83
24.11.2022 05:09:00.000 UTC,1.04427,1.04432,1.0442,1.0442,215.93
24.11.2022 05:10:00.000 UTC,1.0442,1.04423,1.04406,1.04407,323.18
24.11.2022 05:11:00.000 UTC,1.04408,1.0441,1.04391,1.04397,381.94
24.11.2022 05:12:00.000 UTC,1.04396,1.04398,1.04386,1.04396,216.66
24.11.2022 05:13:00.000 UTC,1.04398,1.04401,1.04386,1.04393,355.34
24.11.2022 05:14:00.000 UTC,1.04394,1.04396,1.04379,1.04379,276.13
24.11.2022 05:15:00.000 UTC,1.04379,1.04394,1.0437,1.04391,278.24
24.11.2022 05:16:00.000 UTC,1.04393,1.04401,1.04392,1.04401,296.43
24.11.2022 05:17:00.000 UTC,1.04401,1.04413,1.04394,1.04398,347.29
24.11.2022 05:18:00.000 UTC,1.04398,1.04406,1.04392,1.04404,257.42
24.11.2022 05:19:00.000 UTC,1.04405,1.04411,1.04395,1.04395,301.24
24.11.2022 05:20:00.000 UTC,1.04396,1.04399,1.04386,1.04386,430.66
24.11.2022 05:21:00.000 UTC,1.04386,1.04395,1.0438,1.04391,303.18
24.11.2022 05:22:00.000 UTC,1.04393,1.04401,1.04388,1.04391,252.46
24.11.2022 05:23:00.000 UTC,1.04391,1.04395,1.04386,1.04395,258.83
24.11.2022 05:24:00.000 UTC,1.04391,1.04395,1.04386,1.04391,190.98
24.11.2022 05:25:00.000 UTC,1.04393,1.04402,1.04383,1.04385,238.66
24.11.2022 05:26:00.000 UTC,1.04385,1.04402,1.04381,1.04395,158.94
24.11.2022 05:27:00.000 UTC,1.04395,1.04401,1.04385,1.04398,323.72
24.11.2022 05:28:00.000 UTC,1.04398,1.04407,1.04395,1.04402,140.41
24.11.2022 05:29:00.000 UTC,1.04402,1.04402,1.04391,1.04392,216.15
24.11.2022 05:30:00.000 UTC,1.04392,1.04396,1.04381,1.04382,351.95
24.11.2022 05:31:00.000 UTC,1.04383,1.04389,1.04364,1.04365,396.04
24.11.2022 05:32:00.000 UTC,1.04366,1.04368,1.04359,1.04366,137.48
24.11.2022 05:33:00.000 UTC,1.04368,1.04386,1.04368,1.0438,334.69
24.11.2022 05:34:00.000 UTC,1.0438,1.04388,1.0438,1.04387,139.58
24.11.2022 05:35:00.000 UTC,1.04386,1.04393,1.04384,1.0439,215.84
24.11.2022 05:36:00.000 UTC,1.04391,1.04417,1.04391,1.0441,233.02
24.11.2022 05:37:00.000 UTC,1.04411,1.04412,1.04406,1.04407,98
24.11.2022 05:38:00.000 UTC,1.04408,1.04422,1.04408,1.04408,180.2
24.11.2022 05:39:00.000 UTC,1.04408,1.04412,1.04406,1.04406,101.16
24.11.2022 05:40:00.000 UTC,1.04406,1.04417,1.04401,1.04401,101.96
24.11.2022 05:41:00.000 UTC,1.04402,1.04403,1.04391,1.04393,61.52
24.11.2022 05:42:00.000 UTC,1.0439,1.0439,1.04362,1.04363,133.6
24.11.2022 05:43:00.000 UTC,1.04363,1.04371,1.04363,1.04367,68.82
24.11.2022 05:44:00.000 UTC,1.04366,1.04368,1.04351,1.04366,516.93
24.11.2022 05:45:00.000 UTC,1.04362,1.04362,1.04351,1.04351,294.68
24.11.2022 05:46:00.000 UTC,1.04352,1.04356,1.04347,1.04352,124.8
24.11.2022 05:47:00.000 UTC,1.04351,1.04366,1.04351,1.04362,150.52
24.11.2022 05:48:00.000 UTC,1.04363,1.04367,1.04356,1.04357,117.83
24.11.2022 05:49:00.000 UTC,1.04359,1.04383,1.04359,1.04367,274.68
24.11.2022 05:50:00.000 UTC,1.04366,1.0437,1.04361,1.04363,265.82
24.11.2022 05:51:00.000 UTC,1.04361,1.04362,1.04355,1.04358,218.98
24.11.2022 05:52:00.000 UTC,1.04356,1.0436,1.04346,1.04354,330.06
24.11.2022 05:53:00.000 UTC,1.04355,1.04361,1.04349,1.04349,279.46
24.11.2022 05:54:00.000 UTC,1.04349,1.04356,1.04347,1.04347,236.87
24.11.2022 05:55:00.000 UTC,1.04347,1.04376,1.04347,1.04376,307.14
24.11.2022 05:56:00.000 UTC,1.04375,1.04375,1.04355,1.04362,225.71
24.11.2022 05:57:00.000 UTC,1.04361,1.04363,1.04338,1.04338,314.49
24.11.2022 05:58:00.000 UTC,1.04338,1.04365,1.04338,1.04364,302.81
24.11.2022 05:59:00.000 UTC,1.04362,1.04363,1.04334,1.04337,475.42
24.11.2022 06:00:00.000 UTC,1.04338,1.04347,1.04327,1.04342,531.18
24.11.2022 06:01:00.000 UTC,1.04341,1.04365,1.04335,1.04365,646.22
24.11.2022 06:02:00.000 UTC,1.04365,1.04379,1.04359,1.04368,800.88
24.11.2022 06:03:00.000 UTC,1.04368,1.04374,1.04363,1.04371,310.8
24.11.2022 06:04:00.000 UTC,1.0437,1.04371,1.04357,1.04363,242.24
24.11.2022 06:05:00.000 UTC,1.04365,1.04371,1.04359,1.04359,411.74
24.11.2022 06:06:00.000 UTC,1.0436,1.0436,1.04342,1.04344,463.84
24.11.2022 06:07:00.000 UTC,1.04345,1.04346,1.04328,1.0434,510.62
24.11.2022 06:08:00.000 UTC,1.0434,1.04354,1.04336,1.0435,503.32
24.11.2022 06:09:00.000 UTC,1.04349,1.04352,1.04325,1.04327,348.49
24.11.2022 06:10:00.000 UTC,1.04327,1.04331,1.04323,1.04328,288.26
24.11.2022 06:11:00.000 UTC,1.0433,1.0435,1.04328,1.04347,403.94
24.11.2022 06:12:00.000 UTC,1.04349,1.04358,1.04343,1.04346,329.58
24.11.2022 06:13:00.000 UTC,1.04348,1.04368,1.04344,1.04359,571.05
24.11.2022 06:14:00.000 UTC,1.0436,1.04368,1.04356,1.04356,539.39
24.11.2022 06:15:00.000 UTC,1.04355,1.04373,1.04355,1.04373,473.31
24.11.2022 06:16:00.000 UTC,1.04376,1.04385,1.04365,1.04366,420.9
24.11.2022 06:17:00.000 UTC,1.04365,1.04366,1.04344,1.04347,341.02
24.11.2022 06:18:00.000 UTC,1.04347,1.04348,1.04339,1.04342,256.12
24.11.2022 06:19:00.000 UTC,1.04343,1.04349,1.04338,1.04339,375.22
24.11.2022 06:20:00.000 UTC,1.04338,1.04338,1.04324,1.04335,414.95
24.11.2022 06:21:00.000 UTC,1.04334,1.04341,1.04329,1.0434,382.35
24.11.2022 06:22:00.000 UTC,1.04341,1.04344,1.04329,1.04343,346.61
24.11.2022 06:23:00.000 UTC,1.04342,1.04358,1.04341,1.04356,369.61
24.11.2022 06:24:00.000 UTC,1.04356,1.04357,1.04343,1.04351,480.94
24.11.2022 06:25:00.000 UTC,1.04353,1.04353,1.04332,1.04347,450.88
24.11.2022 06:26:00.000 UTC,1.04346,1.04352,1.04342,1.04351,266.2
24.11.2022 06:27:00.000 UTC,1.0435,1.0435,1.04322,1.04328,339.19
24.11.2022 06:28:00.000 UTC,1.04327,1.04331,1.04322,1.04322,155.38
24.11.2022 06:29:00.000 UTC,1.04321,1.04322,1.04297,1.04309,532.65
24.11.2022 06:30:00.000 UTC,1.04309,1.04326,1.04308,1.04322,456.66
24.11.2022 06:31:00.000 UTC,1.04326,1.04329,1.04316,1.04319,192.44
24.11.2022 06:32:00.000 UTC,1.04319,1.04328,1.04314,1.04322,345.31
24.11.2022 06:33:00.000 UTC,1.04323,1.04327,1.04321,1.04327,170.28
24.11.2022 06:34:00.000 UTC,1.04329,1.04342,1.04323,1.04341,225.88
24.11.2022 06:35:00.000 UTC,1.04342,1.04356,1.04342,1.04342,298.3
24.11.2022 06:36:00.000 UTC,1.04342,1.04349,1.04336,1.04343,239.9
24.11.2022 06:37:00.000 UTC,1.04344,1.04346,1.04335,1.04342,196.32
24.11.2022 06:38:00.000 UTC,1.04341,1.04359,1.04339,1.04354,379.34
24.11.2022 06:39:00.000 UTC,1.04354,1.0436,1.04342,1.04359,251.52
24.11.2022 06:40:00.000 UTC,1.0436,1.04366,1.04321,1.04321,405.34
24.11.2022 06:41:00.000 UTC,1.04321,1.04338,1.04316,1.04338,293.98
24.11.2022 06:42:00.000 UTC,1.04338,1.04366,1.04336,1.04356,514.11
24.11.2022 06:43:00.000 UTC,1.04357,1.0436,1.04351,1.04359,329.85
24.11.2022 06:44:00.000 UTC,1.04359,1.04375,1.04359,1.04371,295
24.11.2022 06:45:00.000 UTC,1.04371,1.04377,1.04349,1.04354,419.8
24.11.2022 06:46:00.000 UTC,1.04354,1.04354,1.04346,1.0435,190.41
24.11.2022 06:47:00.000 UTC,1.04351,1.04358,1.04341,1.04349,388.68
24.11.2022 06:48:00.000 UTC,1.04351,1.04357,1.04347,1.04352,240.45
24.11.2022 06:49:00.000 UTC,1.04353,1.04381,1.04351,1.04379,312.79
24.11.2022 06:50:00.000 UTC,1.0438,1.0438,1.04367,1.0437,230.24
24.11.2022 06:51:00.000 UTC,1.04368,1.04374,1.04362,1.04367,353.29
24.11.2022 06:52:00.000 UTC,1.04368,1.04368,1.04321,1.04327,552.43
24.11.2022 06:53:00.000 UTC,1.04324,1.04324,1.04315,1.04317,351.62
24.11.2022 06:54:00.000 UTC,1.04317,1.04324,1.04306,1.0432,316.4
24.11.2022 06:55:00.000 UTC,1.04319,1.04334,1.0431,1.04312,420.68
24.11.2022 06:56:00.000 UTC,1.04314,1.04316,1.04305,1.04309,420.86
24.11.2022 06:57:00.000 UTC,1.04309,1.04313,1.04296,1.04304,277.26
24.11.2022 06:58:00.000 UTC,1.04305,1.04309,1.043,1.04305,309.19
24.11.2022 06:59:00.000 UTC,1.04306,1.04308,1.043,1.04303,181.42
24.11.2022 07:00:00.000 UTC,1.04303,1.04324,1.04278,1.04318,609.96
24.11.2022 07:01:00.000 UTC,1.04317,1.04361,1.04315,1.04349,654.51
24.11.2022 07:02:00.000 UTC,1.0435,1.04358,1.04343,1.04352,390.68
24.11.2022 07:03:00.000 UTC,1.04356,1.04372,1.04356,1.04362,453.04
24.11.2022 07:04:00.000 UTC,1.04362,1.04384,1.04362,1.04375,494.8
24.11.2022 07:05:00.000 UTC,1.04375,1.04396,1.04369,1.04391,665.44
24.11.2022 07:06:00.000 UTC,1.04391,1.04395,1.0438,1.04381,391.5
24.11.2022 07:07:00.000 UTC,1.04382,1.04382,1.04361,1.04362,501.51
24.11.2022 07:08:00.000 UTC,1.04363,1.04383,1.04361,1.04373,443.35
24.11.2022 07:09:00.000 UTC,1.04374,1.04385,1.04357,1.04359,467.14
24.11.2022 07:10:00.000 UTC,1.0436,1.04362,1.04348,1.04349,377.1
24.11.2022 07:11:00.000 UTC,1.04349,1.04353,1.04331,1.04342,344.54
24.11.2022 07:12:00.000 UTC,1.04341,1.04366,1.0433,1.04365,383.37
24.11.2022 07:13:00.000 UTC,1.04366,1.04367,1.04344,1.04347,484.94
24.11.2022 07:14:00.000 UTC,1.04348,1.04348,1.04334,1.04339,352.01
24.11.2022 07:15:00.000 UTC,1.04337,1.04345,1.04336,1.04338,248.3
24.11.2022 07:16:00.000 UTC,1.04339,1.04342,1.04329,1.04334,269.82
24.11.2022 07:17:00.000 UTC,1.04335,1.04343,1.04332,1.04334,345.3
24.11.2022 07:18:00.000 UTC,1.04334,1.04337,1.04304,1.04305,389.95
24.11.2022 07:19:00.000 UTC,1.04306,1.04314,1.04306,1.04313,161.08
24.11.2022 07:20:00.000 UTC,1.04312,1.04346,1.04309,1.04344,352.07
24.11.2022 07:21:00.000 UTC,1.04347,1.04358,1.04337,1.04351,495.34
24.11.2022 07:22:00.000 UTC,1.04351,1.04364,1.04345,1.04349,419.24
24.11.2022 07:23:00.000 UTC,1.04348,1.0435,1.04323,1.04325,248.05
24.11.2022 07:24:00.000 UTC,1.04326,1.04333,1.0431,1.04313,279.46
24.11.2022 07:25:00.000 UTC,1.04312,1.04323,1.04307,1.04308,276.21
24.11.2022 07:26:00.000 UTC,1.04309,1.04344,1.04306,1.04342,291.48
24.11.2022 07:27:00.000 UTC,1.04343,1.04343,1.04324,1.0433,263.32
24.11.2022 07:28:00.000 UTC,1.04329,1.04336,1.04317,1.04334,322.4
24.11.2022 07:29:00.000 UTC,1.04335,1.04335,1.04323,1.04332,278.16
24.11.2022 07:30:00.000 UTC,1.04332,1.04358,1.04325,1.04328,244.3
24.11.2022 07:31:00.000 UTC,1.04326,1.04328,1.04306,1.04316,377.12
24.11.2022 07:32:00.000 UTC,1.04315,1.04336,1.04313,1.04317,413.41
24.11.2022 07:33:00.000 UTC,1.04317,1.04317,1.04286,1.04287,406.18
24.11.2022 07:34:00.000 UTC,1.04286,1.04287,1.04251,1.04255,403.71
24.11.2022 07:35:00.000 UTC,1.04257,1.04275,1.04252,1.04258,398.32
24.11.2022 07:36:00.000 UTC,1.04257,1.04267,1.04248,1.04255,218.45
24.11.2022 07:37:00.000 UTC,1.04254,1.04258,1.04225,1.04225,367.44
24.11.2022 07:38:00.000 UTC,1.04225,1.04254,1.0422,1.04249,266.62
24.11.2022 07:39:00.000 UTC,1.04249,1.04263,1.04245,1.04258,363.89
24.11.2022 07:40:00.000 UTC,1.04259,1.04264,1.04235,1.0425,520.33
24.11.2022 07:41:00.000 UTC,1.04251,1.04266,1.04241,1.04245,483.88
24.11.2022 07:42:00.000 UTC,1.04243,1.0427,1.04235,1.04262,248.56
24.11.2022 07:43:00.000 UTC,1.04261,1.04276,1.04256,1.04261,328.72
24.11.2022 07:44:00.000 UTC,1.0426,1.04285,1.0426,1.04283,349.74
24.11.2022 07:45:00.000 UTC,1.04284,1.04295,1.0427,1.04272,542.96
24.11.2022 07:46:00.000 UTC,1.04273,1.04287,1.04256,1.04256,565.86
24.11.2022 07:47:00.000 UTC,1.04257,1.0426,1.04241,1.04249,509.67
24.11.2022 07:48:00.000 UTC,1.04248,1.04253,1.04233,1.04246,485.55
24.11.2022 07:49:00.000 UTC,1.04247,1.04259,1.04236,1.04256,287.05
24.11.2022 07:50:00.000 UTC,1.04257,1.0426,1.04237,1.04237,257.22
24.11.2022 07:51:00.000 UTC,1.04239,1.04245,1.04224,1.04227,346.36
24.11.2022 07:52:00.000 UTC,1.04226,1.04241,1.0422,1.04232,276.02
24.11.2022 07:53:00.000 UTC,1.04234,1.04238,1.04221,1.0423,348.92
24.11.2022 07:54:00.000 UTC,1.0423,1.04239,1.04215,1.04217,237.64
24.11.2022 07:55:00.000 UTC,1.04223,1.04227,1.04188,1.04197,408.97
24.11.2022 07:56:00.000 UTC,1.04198,1.04202,1.04162,1.04162,315.98
24.11.2022 07:57:00.000 UTC,1.04164,1.04185,1.04159,1.04183,447.23
24.11.2022 07:58:00.000 UTC,1.04184,1.04195,1.04171,1.04182,501.2
24.11.2022 07:59:00.000 UTC,1.04181,1.04189,1.0415,1.04159,560.54
24.11.2022 08:00:00.000 UTC,1.0416,1.04168,1.04125,1.04136,992.51
24.11.2022 08:01:00.000 UTC,1.04138,1.04152,1.04129,1.04152,690.29
24.11.2022 08:02:00.000 UTC,1.04151,1.04152,1.04111,1.04121,554.93
24.11.2022 08:03:00.000 UTC,1.04121,1.04136,1.04112,1.04126,620.17
24.11.2022 08:04:00.000 UTC,1.04127,1.04133,1.04055,1.04059,761.55
24.11.2022 08:05:00.000 UTC,1.04062,1.04079,1.04039,1.04067,669.29
24.11.2022 08:06:00.000 UTC,1.04066,1.04076,1.04002,1.04002,770.43
24.11.2022 08:07:00.000 UTC,1.04001,1.04024,1.03999,1.04013,1130.97
24.11.2022 08:08:00.000 UTC,1.04015,1.04065,1.04015,1.04054,616.55
24.11.2022 08:09:00.000 UTC,1.04051,1.0407,1.04051,1.04065,323.12
24.11.2022 08:10:00.000 UTC,1.04064,1.04106,1.04059,1.04102,702.88
24.11.2022 08:11:00.000 UTC,1.041,1.04105,1.04082,1.04087,563.64
24.11.2022 08:12:00.000 UTC,1.04088,1.04098,1.0407,1.04089,585.66
24.11.2022 08:13:00.000 UTC,1.0409,1.04109,1.0409,1.041,540.73
24.11.2022 08:14:00.000 UTC,1.041,1.04127,1.04097,1.04124,692.8
24.11.2022 08:15:00.000 UTC,1.04123,1.04138,1.04117,1.04121,794.39
24.11.2022 08:16:00.000 UTC,1.04122,1.04149,1.04122,1.04143,663.41
24.11.2022 08:17:00.000 UTC,1.04143,1.04153,1.04127,1.04128,935.39
24.11.2022 08:18:00.000 UTC,1.04128,1.04135,1.0412,1.04122,455.64
24.11.2022 08:19:00.000 UTC,1.04123,1.04139,1.04096,1.04098,448.48
24.11.2022 08:20:00.000 UTC,1.04098,1.04101,1.04079,1.04082,592.29
24.11.2022 08:21:00.000 UTC,1.04082,1.04093,1.04069,1.04093,524.18
24.11.2022 08:22:00.000 UTC,1.04094,1.04112,1.04088,1.04098,745.17
24.11.2022 08:23:00.000 UTC,1.04096,1.04115,1.04092,1.04103,893.74
24.11.2022 08:24:00.000 UTC,1.04103,1.04122,1.04087,1.0409,834.83
24.11.2022 08:25:00.000 UTC,1.0409,1.041,1.04069,1.04072,681.98
24.11.2022 08:26:00.000 UTC,1.04073,1.0408,1.04029,1.04033,622.84
24.11.2022 08:27:00.000 UTC,1.04032,1.04047,1.04027,1.04039,581.54
24.11.2022 08:28:00.000 UTC,1.04041,1.04059,1.04041,1.04053,539.66
24.11.2022 08:29:00.000 UTC,1.04054,1.04085,1.04053,1.04083,700.08
24.11.2022 08:30:00.000 UTC,1.04083,1.041,1.04073,1.04088,806.52
24.11.2022 08:31:00.000 UTC,1.04095,1.04102,1.04077,1.04086,788.13
24.11.2022 08:32:00.000 UTC,1.04086,1.04149,1.04086,1.04147,726.39
24.11.2022 08:33:00.000 UTC,1.04146,1.0415,1.04119,1.04129,785.71
24.11.2022 08:34:00.000 UTC,1.0413,1.0414,1.04122,1.0413,647.72
24.11.2022 08:35:00.000 UTC,1.04129,1.04152,1.04125,1.04145,513.96
24.11.2022 08:36:00.000 UTC,1.04148,1.04164,1.04148,1.0415,547.86
24.11.2022 08:37:00.000 UTC,1.04151,1.04155,1.04148,1.04154,238.2
24.11.2022 08:38:00.000 UTC,1.04155,1.04158,1.04136,1.04142,493.51
24.11.2022 08:39:00.000 UTC,1.04144,1.04166,1.04133,1.04166,598.7
24.11.2022 08:40:00.000 UTC,1.04166,1.04171,1.04154,1.04165,322.74
24.11.2022 08:41:00.000 UTC,1.04163,1.04208,1.04163,1.04202,516.72
24.11.2022 08:42:00.000 UTC,1.04201,1.04206,1.04156,1.04156,671.48
24.11.2022 08:43:00.000 UTC,1.04157,1.04157,1.04126,1.04141,346.86
24.11.2022 08:44:00.000 UTC,1.04141,1.04152,1.04135,1.0414,364.22
24.11.2022 08:45:00.000 UTC,1.04141,1.04166,1.04131,1.04159,397.85
24.11.2022 08:46:00.000 UTC,1.0416,1.04172,1.04127,1.04127,422.04
24.11.2022 08:47:00.000 UTC,1.04127,1.04134,1.04122,1.04125,472.99
24.11.2022 08:48:00.000 UTC,1.04126,1.04133,1.04106,1.04111,331.34
24.11.2022 08:49:00.000 UTC,1.04111,1.04118,1.04102,1.04106,339.3
24.11.2022 08:50:00.000 UTC,1.04107,1.04114,1.04066,1.04087,626.72
24.11.2022 08:51:00.000 UTC,1.04088,1.04097,1.04066,1.04068,671.45
24.11.2022 08:52:00.000 UTC,1.04068,1.04079,1.04055,1.04073,572
24.11.2022 08:53:00.000 UTC,1.04073,1.04077,1.04056,1.04064,491.84
24.11.2022 08:54:00.000 UTC,1.04063,1.04076,1.04061,1.04072,349.84
24.11.2022 08:55:00.000 UTC,1.04073,1.04088,1.04069,1.04087,384.5
24.11.2022 08:56:00.000 UTC,1.04087,1.0409,1.04069,1.04071,405.62
24.11.2022 08:57:00.000 UTC,1.04073,1.04076,1.04042,1.04042,488.56
24.11.2022 08:58:00.000 UTC,1.04042,1.04069,1.04042,1.04061,415.78
24.11.2022 08:59:00.000 UTC,1.04061,1.04064,1.04038,1.04059,552.32
24.11.2022 09:00:00.000 UTC,1.04059,1.0412,1.04059,1.04113,651.78
24.11.2022 09:01:00.000 UTC,1.0411,1.04128,1.04088,1.04124,759
24.11.2022 09:02:00.000 UTC,1.04124,1.04145,1.04122,1.04139,857.94
24.11.2022 09:03:00.000 UTC,1.04138,1.04146,1.04125,1.04144,766.61
24.11.2022 09:04:00.000 UTC,1.04143,1.04169,1.04142,1.04168,636.49
24.11.2022 09:05:00.000 UTC,1.04171,1.04192,1.04168,1.04188,734.63
24.11.2022 09:06:00.000 UTC,1.04187,1.04202,1.04181,1.04202,574.11
24.11.2022 09:07:00.000 UTC,1.04204,1.0422,1.04183,1.0419,668.18
24.11.2022 09:08:00.000 UTC,1.04191,1.04203,1.04184,1.042,435.98
24.11.2022 09:09:00.000 UTC,1.042,1.04222,1.04195,1.04219,663.16
24.11.2022 09:10:00.000 UTC,1.04218,1.04248,1.04213,1.04238,403.65
24.11.2022 09:11:00.000 UTC,1.04238,1.04238,1.04217,1.04217,472.46
24.11.2022 09:12:00.000 UTC,1.04216,1.04223,1.04191,1.04191,420.69
24.11.2022 09:13:00.000 UTC,1.04192,1.04206,1.04191,1.04204,349.12
24.11.2022 09:14:00.000 UTC,1.04204,1.04204,1.04163,1.04177,506.83
24.11.2022 09:15:00.000 UTC,1.04176,1.04194,1.04172,1.04189,603.31
24.11.2022 09:16:00.000 UTC,1.04189,1.04192,1.04166,1.04167,294.22
24.11.2022 09:17:00.000 UTC,1.04167,1.04168,1.0414,1.04142,348.96
24.11.2022 09:18:00.000 UTC,1.04141,1.04169,1.04141,1.04153,442.06
24.11.2022 09:19:00.000 UTC,1.04154,1.04174,1.04151,1.04168,335.64
24.11.2022 09:20:00.000 UTC,1.04168,1.04179,1.04156,1.04166,492.17
24.11.2022 09:21:00.000 UTC,1.04167,1.04192,1.04161,1.04186,335.03
24.11.2022 09:22:00.000 UTC,1.04184,1.0419,1.04162,1.04188,529.44
24.11.2022 09:23:00.000 UTC,1.04187,1.04209,1.04184,1.04208,223.13
24.11.2022 09:24:00.000 UTC,1.04207,1.0421,1.04194,1.04208,252.29
24.11.2022 09:25:00.000 UTC,1.04204,1.04229,1.0418,1.04181,572.56
24.11.2022 09:26:00.000 UTC,1.04181,1.04198,1.04171,1.04193,440.1
24.11.2022 09:27:00.000 UTC,1.04194,1.04197,1.04187,1.0419,408.26
24.11.2022 09:28:00.000 UTC,1.04189,1.04196,1.04168,1.04172,533.66
24.11.2022 09:29:00.000 UTC,1.04172,1.0419,1.04154,1.04176,779.7
24.11.2022 09:30:00.000 UTC,1.04177,1.0419,1.04152,1.04166,518.62
24.11.2022 09:31:00.000 UTC,1.04165,1.04174,1.04151,1.04152,794.4
24.11.2022 09:32:00.000 UTC,1.04154,1.0416,1.04145,1.04153,617.8
24.11.2022 09:33:00.000 UTC,1.04154,1.04168,1.04151,1.04168,446.2
24.11.2022 09:34:00.000 UTC,1.04165,1.04167,1.04145,1.04152,420.39
24.11.2022 09:35:00.000 UTC,1.04154,1.04154,1.0413,1.04141,447.72
24.11.2022 09:36:00.000 UTC,1.04144,1.0416,1.04136,1.04156,415.6
24.11.2022 09:37:00.000 UTC,1.04155,1.04161,1.04137,1.04146,585.32
24.11.2022 09:38:00.000 UTC,1.04146,1.04148,1.04126,1.04135,412.54
24.11.2022 09:39:00.000 UTC,1.04137,1.04153,1.04137,1.04147,231.35
24.11.2022 09:40:00.000 UTC,1.04146,1.04157,1.04136,1.04137,349.38
24.11.2022 09:41:00.000 UTC,1.04137,1.0415,1.04133,1.0414,445.12
24.11.2022 09:42:00.000 UTC,1.0414,1.04154,1.04137,1.04148,469.3
24.11.2022 09:43:00.000 UTC,1.04152,1.04169,1.04152,1.04164,565.26
24.11.2022 09:44:00.000 UTC,1.04164,1.0417,1.04158,1.04164,409.02
24.11.2022 09:45:00.000 UTC,1.04164,1.0417,1.04159,1.04164,265.34
24.11.2022 09:46:00.000 UTC,1.04163,1.04166,1.0415,1.04166,546.82
24.11.2022 09:47:00.000 UTC,1.04167,1.04204,1.04167,1.04201,441.63
24.11.2022 09:48:00.000 UTC,1.04202,1.04208,1.04195,1.04199,358.93
24.11.2022 09:49:00.000 UTC,1.04199,1.04222,1.04198,1.04211,388.01
24.11.2022 09:50:00.000 UTC,1.0421,1.04213,1.04198,1.04204,515.11
24.11.2022 09:51:00.000 UTC,1.04203,1.04211,1.04198,1.04198,407.55
24.11.2022 09:52:00.000 UTC,1.04198,1.04209,1.04198,1.04199,532.32
24.11.2022 09:53:00.000 UTC,1.042,1.04208,1.0419,1.04206,252.71
24.11.2022 09:54:00.000 UTC,1.04205,1.04209,1.04188,1.04207,386.76
24.11.2022 09:55:00.000 UTC,1.04211,1.04253,1.04211,1.04235,651.1
24.11.2022 09:56:00.000 UTC,1.04235,1.04242,1.04229,1.04236,668.83
24.11.2022 09:57:00.000 UTC,1.04236,1.04241,1.04199,1.04205,750.34
24.11.2022 09:58:00.000 UTC,1.04206,1.04227,1.04203,1.04214,899.36
24.11.2022 09:59:00.000 UTC,1.04213,1.04213,1.04189,1.04191,786.89
24.11.2022 10:00:00.000 UTC,1.04191,1.04195,1.04171,1.04171,683.3
24.11.2022 10:01:00.000 UTC,1.04171,1.04182,1.04157,1.0418,631.9
24.11.2022 10:02:00.000 UTC,1.0418,1.04222,1.04177,1.04203,1003.3
24.11.2022 10:03:00.000 UTC,1.04202,1.04216,1.04196,1.04201,589.36
24.11.2022 10:04:00.000 UTC,1.042,1.04217,1.04188,1.0421,684.39
24.11.2022 10:05:00.000 UTC,1.04209,1.04234,1.04207,1.04229,778.2
24.11.2022 10:06:00.000 UTC,1.04229,1.0426,1.04229,1.0425,1096.24
24.11.2022 10:07:00.000 UTC,1.04248,1.0425,1.04224,1.04224,806.8
24.11.2022 10:08:00.000 UTC,1.04223,1.04242,1.04221,1.04223,695.7
24.11.2022 10:09:00.000 UTC,1.04223,1.04226,1.04205,1.04207,376.07
24.11.2022 10:10:00.000 UTC,1.04205,1.0423,1.04201,1.04228,616.58
24.11.2022 10:11:00.000 UTC,1.04226,1.04247,1.04219,1.04228,473.58
24.11.2022 10:12:00.000 UTC,1.04229,1.04256,1.04227,1.04256,404.92
24.11.2022 10:13:00.000 UTC,1.04258,1.04291,1.04256,1.04285,266.97
24.11.2022 10:14:00.000 UTC,1.04284,1.04284,1.04239,1.04241,613.17
24.11.2022 10:15:00.000 UTC,1.04242,1.04251,1.04231,1.04236,649.02
24.11.2022 10:16:00.000 UTC,1.04237,1.04259,1.04232,1.04257,701.07
24.11.2022 10:17:00.000 UTC,1.04256,1.04261,1.04241,1.04242,588.32
24.11.2022 10:18:00.000 UTC,1.04239,1.04239,1.04191,1.04201,618.5
24.11.2022 10:19:00.000 UTC,1.042,1.04206,1.04192,1.04193,494.65
24.11.2022 10:20:00.000 UTC,1.04193,1.04197,1.04181,1.04186,653.62
24.11.2022 10:21:00.000 UTC,1.04184,1.04191,1.04178,1.04184,566.11
24.11.2022 10:22:00.000 UTC,1.04185,1.04188,1.04159,1.04175,623.8
24.11.2022 10:23:00.000 UTC,1.04176,1.04178,1.04167,1.0417,375.21
24.11.2022 10:24:00.000 UTC,1.0417,1.0418,1.04169,1.04175,359.49
24.11.2022 10:25:00.000 UTC,1.04174,1.04179,1.04169,1.0417,348.1
24.11.2022 10:26:00.000 UTC,1.04171,1.0418,1.0417,1.04176,229.48
24.11.2022 10:27:00.000 UTC,1.04176,1.04177,1.04115,1.04121,695.97
24.11.2022 10:28:00.000 UTC,1.04121,1.04125,1.04107,1.04115,653.81
24.11.2022 10:29:00.000 UTC,1.04116,1.04117,1.0404,1.04042,679.29
24.11.2022 10:30:00.000 UTC,1.04044,1.04047,1.03951,1.03983,1029.81
24.11.2022 10:31:00.000 UTC,1.03987,1.04027,1.03978,1.03986,791.65
24.11.2022 10:32:00.000 UTC,1.03987,1.04028,1.03986,1.04013,674.94
24.11.2022 10:33:00.000 UTC,1.04014,1.04026,1.04005,1.04017,708.21
24.11.2022 10:34:00.000 UTC,1.04016,1.0402,1.03953,1.03958,709.67
24.11.2022 10:35:00.000 UTC,1.03957,1.03963,1.03924,1.03963,845.19
24.11.2022 10:36:00.000 UTC,1.03964,1.03985,1.03949,1.03974,756.64
24.11.2022 10:37:00.000 UTC,1.03972,1.03988,1.0397,1.03988,595.45
24.11.2022 10:38:00.000 UTC,1.03988,1.03996,1.03966,1.03966,734.87
24.11.2022 10:39:00.000 UTC,1.03967,1.03969,1.03952,1.03961,729.8
24.11.2022 10:40:00.000 UTC,1.03962,1.03975,1.03943,1.03968,831.75
24.11.2022 10:41:00.000 UTC,1.03963,1.03965,1.03952,1.03961,709.62
24.11.2022 10:42:00.000 UTC,1.03961,1.03988,1.03959,1.03987,619.74
24.11.2022 10:43:00.000 UTC,1.03989,1.04005,1.03986,1.04003,779.72
24.11.2022 10:44:00.000 UTC,1.04001,1.04032,1.04,1.04018,689.44
24.11.2022 10:45:00.000 UTC,1.04016,1.04048,1.04015,1.04033,681.88
24.11.2022 10:46:00.000 UTC,1.04033,1.04089,1.04032,1.04078,696.25
24.11.2022 10:47:00.000 UTC,1.04077,1.04083,1.04057,1.04073,670.5
24.11.2022 10:48:00.000 UTC,1.04073,1.04077,1.04054,1.04065,289.71
24.11.2022 10:49:00.000 UTC,1.04067,1.04068,1.04049,1.04054,479.62
24.11.2022 10:50:00.000 UTC,1.04052,1.04054,1.04033,1.04051,666.48
24.11.2022 10:51:00.000 UTC,1.04051,1.04057,1.04037,1.04042,390.05
24.11.2022 10:52:00.000 UTC,1.04041,1.04063,1.04037,1.04063,394.33
24.11.2022 10:53:00.000 UTC,1.04063,1.04075,1.04053,1.04054,474.52
24.11.2022 10:54:00.000 UTC,1.04056,1.04063,1.04037,1.04048,403.14
24.11.2022 10:55:00.000 UTC,1.04049,1.04054,1.04031,1.04041,508.94
24.11.2022 10:56:00.000 UTC,1.04042,1.04043,1.04012,1.04016,547.05
24.11.2022 10:57:00.000 UTC,1.04016,1.04062,1.04012,1.04062,369.16
24.11.2022 10:58:00.000 UTC,1.04062,1.04065,1.04043,1.04058,328.94
24.11.2022 10:59:00.000 UTC,1.04059,1.0407,1.0405,1.04053,368.98
24.11.2022 11:00:00.000 UTC,1.04055,1.04064,1.04049,1.04064,276.13
24.11.2022 11:01:00.000 UTC,1.04063,1.04071,1.0405,1.0405,607.43
24.11.2022 11:02:00.000 UTC,1.0405,1.0406,1.04043,1.04052,470.54
24.11.2022 11:03:00.000 UTC,1.04052,1.04053,1.04037,1.04043,352.65
24.11.2022 11:04:00.000 UTC,1.04044,1.04061,1.04044,1.04055,463.13
24.11.2022 11:05:00.000 UTC,1.04052,1.04074,1.04043,1.04062,409.46
24.11.2022 11:06:00.000 UTC,1.04062,1.04068,1.04047,1.04051,591.08
24.11.2022 11:07:00.000 UTC,1.04052,1.04053,1.0402,1.04045,578.21
24.11.2022 11:08:00.000 UTC,1.04046,1.04065,1.04043,1.04052,597.86
24.11.2022 11:09:00.000 UTC,1.04053,1.04071,1.04037,1.04042,460.84
24.11.2022 11:10:00.000 UTC,1.04041,1.04045,1.04027,1.04038,585.46
24.11.2022 11:11:00.000 UTC,1.04038,1.04059,1.04026,1.04028,450.46
24.11.2022 11:12:00.000 UTC,1.04029,1.04038,1.0402,1.04027,592.24
24.11.2022 11:13:00.000 UTC,1.04026,1.04033,1.03999,1.04001,493.92
24.11.2022 11:14:00.000 UTC,1.04001,1.04009,1.03998,1.04008,354.36
24.11.2022 11:15:00.000 UTC,1.04008,1.04032,1.04008,1.04017,634.88
24.11.2022 11:16:00.000 UTC,1.04019,1.04023,1.03977,1.03979,487.38
24.11.2022 11:17:00.000 UTC,1.0398,1.0398,1.03939,1.03944,487.22
24.11.2022 11:18:00.000 UTC,1.03944,1.03948,1.03938,1.03944,391.38
24.11.2022 11:19:00.000 UTC,1.03943,1.03984,1.03943,1.03983,438.68
24.11.2022 11:20:00.000 UTC,1.03983,1.03997,1.03976,1.03976,532.6
24.11.2022 11:21:00.000 UTC,1.0398,1.03991,1.0397,1.03975,591.97
24.11.2022 11:22:00.000 UTC,1.03974,1.03979,1.03953,1.03954,406.05
24.11.2022 11:23:00.000 UTC,1.03954,1.03961,1.03946,1.03947,239.34
24.11.2022 11:24:00.000 UTC,1.03948,1.03983,1.03947,1.03981,217.46
24.11.2022 11:25:00.000 UTC,1.03979,1.03979,1.03929,1.03929,421.1
24.11.2022 11:26:00.000 UTC,1.03932,1.03934,1.03818,1.03875,828.54
24.11.2022 11:27:00.000 UTC,1.03873,1.03878,1.03835,1.03854,734.52
24.11.2022 11:28:00.000 UTC,1.03856,1.03858,1.03833,1.03846,686.14
24.11.2022 11:29:00.000 UTC,1.03846,1.03849,1.03825,1.03833,615.35
24.11.2022 11:30:00.000 UTC,1.03832,1.03848,1.03828,1.03845,630.44
24.11.2022 11:31:00.000 UTC,1.03846,1.0387,1.03837,1.03869,693.56
24.11.2022 11:32:00.000 UTC,1.03871,1.03871,1.03828,1.03829,961.89
24.11.2022 11:33:00.000 UTC,1.03831,1.03862,1.03816,1.03862,613.46
24.11.2022 11:34:00.000 UTC,1.03862,1.03885,1.03854,1.03858,708.13
24.11.2022 11:35:00.000 UTC,1.03861,1.03881,1.03851,1.0388,551.89
24.11.2022 11:36:00.000 UTC,1.03879,1.03922,1.03879,1.03919,611.58
24.11.2022 11:37:00.000 UTC,1.0392,1.03959,1.03912,1.03951,839.51
24.11.2022 11:38:00.000 UTC,1.03944,1.03961,1.03943,1.03955,603.85
24.11.2022 11:39:00.000 UTC,1.03953,1.03954,1.03932,1.03944,628.45
24.11.2022 11:40:00.000 UTC,1.03943,1.03966,1.03942,1.0396,414.83
24.11.2022 11:41:00.000 UTC,1.0396,1.0397,1.03944,1.03966,404.26
24.11.2022 11:42:00.000 UTC,1.03967,1.03986,1.03963,1.03982,555.94
24.11.2022 11:43:00.000 UTC,1.03982,1.03987,1.03968,1.03984,609.99
24.11.2022 11:44:00.000 UTC,1.03988,1.03997,1.03983,1.03992,501.69
24.11.2022 11:45:00.000 UTC,1.03991,1.04024,1.03991,1.03999,459.13
24.11.2022 11:46:00.000 UTC,1.04001,1.04016,1.03989,1.04008,535.12
24.11.2022 11:47:00.000 UTC,1.04007,1.04043,1.04002,1.04042,479.24
24.11.2022 11:48:00.000 UTC,1.04044,1.04062,1.04022,1.04039,679.79
24.11.2022 11:49:00.000 UTC,1.04039,1.04044,1.04025,1.04029,366
24.11.2022 11:50:00.000 UTC,1.0403,1.04033,1.04013,1.04031,266.6
24.11.2022 11:51:00.000 UTC,1.04034,1.0406,1.04032,1.04058,484.82
24.11.2022 11:52:00.000 UTC,1.04058,1.04063,1.04049,1.0405,396.47
24.11.2022 11:53:00.000 UTC,1.04049,1.04083,1.0404,1.04073,466.2
24.11.2022 11:54:00.000 UTC,1.04071,1.04086,1.0406,1.04062,351.14
24.11.2022 11:55:00.000 UTC,1.04063,1.04084,1.04054,1.04078,392.27
24.11.2022 11:56:00.000 UTC,1.04078,1.04078,1.04071,1.04072,222.82
24.11.2022 11:57:00.000 UTC,1.04073,1.0408,1.04065,1.04076,186.95
24.11.2022 11:58:00.000 UTC,1.04075,1.04075,1.04063,1.04063,425.23
24.11.2022 11:59:00.000 UTC,1.04062,1.0407,1.04044,1.04044,714.46
24.11.2022 12:00:00.000 UTC,1.04044,1.0411,1.0404,1.04094,473.08
24.11.2022 12:01:00.000 UTC,1.04096,1.04101,1.04067,1.04068,483.87
24.11.2022 12:02:00.000 UTC,1.04068,1.04109,1.04062,1.04086,463.7
24.11.2022 12:03:00.000 UTC,1.04084,1.04088,1.04029,1.04035,378.68
24.11.2022 12:04:00.000 UTC,1.04034,1.04038,1.04023,1.04038,247.56
24.11.2022 12:05:00.000 UTC,1.04035,1.04048,1.04023,1.04027,375.41
24.11.2022 12:06:00.000 UTC,1.04031,1.04036,1.03999,1.0401,238.67
24.11.2022 12:07:00.000 UTC,1.04012,1.04018,1.04004,1.04015,162.44
24.11.2022 12:08:00.000 UTC,1.04015,1.04031,1.04009,1.04014,388.41
24.11.2022 12:09:00.000 UTC,1.04013,1.04019,1.04004,1.04004,224.25
24.11.2022 12:10:00.000 UTC,1.04005,1.0401,1.03978,1.0399,369.6
24.11.2022 12:11:00.000 UTC,1.0399,1.04005,1.0399,1.04004,348.44
24.11.2022 12:12:00.000 UTC,1.04003,1.0403,1.04002,1.04021,360.83
24.11.2022 12:13:00.000 UTC,1.0402,1.04045,1.04019,1.04038,465.37
24.11.2022 12:14:00.000 UTC,1.0404,1.04052,1.04022,1.04029,339.86
24.11.2022 12:15:00.000 UTC,1.0403,1.04033,1.04022,1.04028,461.6
24.11.2022 12:16:00.000 UTC,1.04028,1.0403,1.0402,1.04024,324.98
24.11.2022 12:17:00.000 UTC,1.04023,1.0403,1.04018,1.0402,439.07
24.11.2022 12:18:00.000 UTC,1.04021,1.04026,1.0401,1.04014,420.26
24.11.2022 12:19:00.000 UTC,1.04013,1.04051,1.04013,1.04051,458.85
24.11.2022 12:20:00.000 UTC,1.04051,1.04063,1.04035,1.04062,292.52
24.11.2022 12:21:00.000 UTC,1.0406,1.04071,1.04058,1.04063,403.64
24.11.2022 12:22:00.000 UTC,1.04062,1.04062,1.0403,1.04036,327.99
24.11.2022 12:23:00.000 UTC,1.04035,1.04044,1.04035,1.04036,189.42
24.11.2022 12:24:00.000 UTC,1.04035,1.04052,1.04035,1.04041,221.3
24.11.2022 12:25:00.000 UTC,1.04042,1.04056,1.04037,1.04054,384.13
24.11.2022 12:26:00.000 UTC,1.04055,1.04069,1.04047,1.04055,401.74
24.11.2022 12:27:00.000 UTC,1.04054,1.04056,1.04033,1.04039,333.18
24.11.2022 12:28:00.000 UTC,1.04039,1.04045,1.0403,1.04045,263.89
24.11.2022 12:29:00.000 UTC,1.04047,1.0405,1.0402,1.04024,386.76
24.11.2022 12:30:00.000 UTC,1.04024,1.04025,1.03984,1.04015,749.42
24.11.2022 12:31:00.000 UTC,1.04016,1.0402,1.03988,1.04016,531.65
24.11.2022 12:32:00.000 UTC,1.04019,1.04024,1.04012,1.04017,439.83
24.11.2022 12:33:00.000 UTC,1.04018,1.04036,1.04014,1.04027,503.38
24.11.2022 12:34:00.000 UTC,1.04026,1.04045,1.0401,1.04045,727.31
24.11.2022 12:35:00.000 UTC,1.04044,1.04058,1.04021,1.04038,511.02
24.11.2022 12:36:00.000 UTC,1.04037,1.04038,1.04024,1.04032,332.61
24.11.2022 12:37:00.000 UTC,1.04032,1.04037,1.03986,1.03988,394.33
24.11.2022 12:38:00.000 UTC,1.03985,1.04004,1.0398,1.04,436.22
24.11.2022 12:39:00.000 UTC,1.03999,1.04025,1.03997,1.04019,381.84
24.11.2022 12:40:00.000 UTC,1.0402,1.04053,1.04018,1.04038,471.32
24.11.2022 12:41:00.000 UTC,1.04038,1.04044,1.04025,1.04037,336.25
24.11.2022 12:42:00.000 UTC,1.04037,1.04042,1.0402,1.04033,554.38
24.11.2022 12:43:00.000 UTC,1.04033,1.04061,1.04031,1.04054,442.61
24.11.2022 12:44:00.000 UTC,1.04054,1.04063,1.04034,1.04063,487.84
24.11.2022 12:45:00.000 UTC,1.04064,1.04083,1.04063,1.04073,305.43
24.11.2022 12:46:00.000 UTC,1.04075,1.04075,1.04058,1.04061,426.83
24.11.2022 12:47:00.000 UTC,1.0406,1.04075,1.04049,1.04075,280.8
24.11.2022 12:48:00.000 UTC,1.04081,1.04098,1.04072,1.04093,555.85
24.11.2022 12:49:00.000 UTC,1.04091,1.041,1.04078,1.04085,347.34
24.11.2022 12:50:00.000 UTC,1.04085,1.0409,1.04074,1.04088,410.9
24.11.2022 12:51:00.000 UTC,1.04087,1.04101,1.04081,1.04095,636.38
24.11.2022 12:52:00.000 UTC,1.04093,1.04093,1.04079,1.04085,337.06
24.11.2022 12:53:00.000 UTC,1.04086,1.04091,1.0408,1.04083,362.03
24.11.2022 12:54:00.000 UTC,1.04082,1.0411,1.0408,1.04105,446.21
24.11.2022 12:55:00.000 UTC,1.04104,1.0414,1.04102,1.04132,648.92
24.11.2022 12:56:00.000 UTC,1.04133,1.04141,1.04109,1.04125,784.44
24.11.2022 12:57:00.000 UTC,1.04125,1.04132,1.04113,1.04113,553.54
24.11.2022 12:58:00.000 UTC,1.04114,1.04121,1.0408,1.04083,686.17
24.11.2022 12:59:00.000 UTC,1.04085,1.0412,1.04082,1.04119,504.37
24.11.2022 13:00:00.000 UTC,1.04117,1.0412,1.04077,1.04097,604.86
24.11.2022 13:01:00.000 UTC,1.04097,1.04119,1.04084,1.04108,540.81
24.11.2022 13:02:00.000 UTC,1.04108,1.04144,1.04094,1.04129,867.96
24.11.2022 13:03:00.000 UTC,1.04129,1.0414,1.04113,1.04115,676.02
24.11.2022 13:04:00.000 UTC,1.04115,1.04136,1.04107,1.04132,354.47
24.11.2022 13:05:00.000 UTC,1.04131,1.0414,1.04099,1.04103,507
24.11.2022 13:06:00.000 UTC,1.04101,1.04116,1.04079,1.04116,557.85
24.11.2022 13:07:00.000 UTC,1.04113,1.0412,1.04099,1.0412,316.87
24.11.2022 13:08:00.000 UTC,1.04122,1.0414,1.04111,1.04133,629.34
24.11.2022 13:09:00.000 UTC,1.04134,1.04188,1.04131,1.04185,501.69
24.11.2022 13:10:00.000 UTC,1.04185,1.04192,1.04164,1.04165,584.05
24.11.2022 13:11:00.000 UTC,1.04166,1.04186,1.04153,1.04161,780.56
24.11.2022 13:12:00.000 UTC,1.0416,1.04166,1.04139,1.04144,740.87
24.11.2022 13:13:00.000 UTC,1.04141,1.04151,1.04134,1.04137,535.53
24.11.2022 13:14:00.000 UTC,1.04137,1.04154,1.04125,1.04131,481.37
24.11.2022 13:15:00.000 UTC,1.04131,1.04143,1.0412,1.0413,475
24.11.2022 13:16:00.000 UTC,1.04132,1.04135,1.0412,1.04131,377.35
24.11.2022 13:17:00.000 UTC,1.04134,1.04151,1.04134,1.04136,444.74
24.11.2022 13:18:00.000 UTC,1.04137,1.04157,1.04134,1.0414,409.53
24.11.2022 13:19:00.000 UTC,1.04141,1.04141,1.0411,1.04116,580.1
24.11.2022 13:20:00.000 UTC,1.04113,1.04125,1.04105,1.04125,410.33
24.11.2022 13:21:00.000 UTC,1.04126,1.0415,1.04123,1.0414,426.99
24.11.2022 13:22:00.000 UTC,1.04144,1.04148,1.04137,1.04142,455.2
24.11.2022 13:23:00.000 UTC,1.04141,1.04145,1.04127,1.0413,330.6
24.11.2022 13:24:00.000 UTC,1.0413,1.0413,1.04088,1.04114,339.05
24.11.2022 13:25:00.000 UTC,1.04113,1.0414,1.04113,1.0412,255.94
24.11.2022 13:26:00.000 UTC,1.04118,1.04121,1.04105,1.04113,428.89
24.11.2022 13:27:00.000 UTC,1.04118,1.04142,1.04113,1.04115,509.39
24.11.2022 13:28:00.000 UTC,1.04118,1.04126,1.04102,1.04103,428.64
24.11.2022 13:29:00.000 UTC,1.04107,1.04129,1.04102,1.04112,486.52
24.11.2022 13:30:00.000 UTC,1.04112,1.04137,1.04112,1.04134,666.36
24.11.2022 13:31:00.000 UTC,1.04138,1.04143,1.04099,1.0411,484.08
24.11.2022 13:32:00.000 UTC,1.0411,1.04118,1.04102,1.04116,411.44
24.11.2022 13:33:00.000 UTC,1.04115,1.04123,1.04091,1.04091,519.66
24.11.2022 13:34:00.000 UTC,1.04092,1.04102,1.04078,1.04099,590.8
24.11.2022 13:35:00.000 UTC,1.04099,1.04119,1.04099,1.04108,569.41
24.11.2022 13:36:00.000 UTC,1.04109,1.04119,1.04103,1.0411,443.64
24.11.2022 13:37:00.000 UTC,1.04111,1.04124,1.04108,1.04108,582.5
24.11.2022 13:38:00.000 UTC,1.04109,1.04124,1.04106,1.04121,318.22
24.11.2022 13:39:00.000 UTC,1.04122,1.04144,1.04117,1.0414,401.86
24.11.2022 13:40:00.000 UTC,1.04139,1.04146,1.04134,1.04145,441.38
24.11.2022 13:41:00.000 UTC,1.04146,1.04175,1.04146,1.04154,377.46
24.11.2022 13:42:00.000 UTC,1.0416,1.04166,1.04155,1.04158,461.5
24.11.2022 13:43:00.000 UTC,1.04158,1.04171,1.04156,1.04171,354.84
24.11.2022 13:44:00.000 UTC,1.04171,1.04174,1.04164,1.04167,200.54
24.11.2022 13:45:00.000 UTC,1.04169,1.0418,1.04164,1.04173,395.72
24.11.2022 13:46:00.000 UTC,1.04174,1.04174,1.04164,1.04167,295.74
24.11.2022 13:47:00.000 UTC,1.04166,1.04188,1.04164,1.04183,423.9
24.11.2022 13:48:00.000 UTC,1.04183,1.04184,1.04173,1.04173,474.68
24.11.2022 13:49:00.000 UTC,1.04173,1.04182,1.04167,1.04167,323.44
24.11.2022 13:50:00.000 UTC,1.04166,1.04174,1.04166,1.04168,307.39
24.11.2022 13:51:00.000 UTC,1.0417,1.04183,1.04168,1.04181,383.98
24.11.2022 13:52:00.000 UTC,1.04182,1.04192,1.04172,1.04173,416.93
24.11.2022 13:53:00.000 UTC,1.04172,1.04191,1.04172,1.04186,285.2
24.11.2022 13:54:00.000 UTC,1.04185,1.04201,1.04182,1.04199,318.72
24.11.2022 13:55:00.000 UTC,1.04201,1.04205,1.0419,1.04195,388.74
24.11.2022 13:56:00.000 UTC,1.04194,1.04204,1.04193,1.04194,483.7
24.11.2022 13:57:00.000 UTC,1.04193,1.04244,1.0419,1.04235,505.95
24.11.2022 13:58:00.000 UTC,1.04237,1.04254,1.04234,1.04239,513.02
24.11.2022 13:59:00.000 UTC,1.0424,1.04249,1.04219,1.04226,375.39
24.11.2022 14:00:00.000 UTC,1.04228,1.04269,1.04227,1.04256,743.83
24.11.2022 14:01:00.000 UTC,1.04257,1.04268,1.04222,1.04224,624.74
24.11.2022 14:02:00.000 UTC,1.04226,1.04229,1.04206,1.04207,571.72
24.11.2022 14:03:00.000 UTC,1.04208,1.04221,1.04199,1.04199,571.48
24.11.2022 14:04:00.000 UTC,1.04199,1.04219,1.04199,1.04202,470.36
24.11.2022 14:05:00.000 UTC,1.04204,1.04228,1.04198,1.04202,456.9
24.11.2022 14:06:00.000 UTC,1.04202,1.0421,1.04192,1.04209,439.28
24.11.2022 14:07:00.000 UTC,1.04209,1.04229,1.04198,1.04229,569.08
24.11.2022 14:08:00.000 UTC,1.04228,1.04235,1.04212,1.04224,639.86
24.11.2022 14:09:00.000 UTC,1.04223,1.04229,1.04218,1.04226,451.53
24.11.2022 14:10:00.000 UTC,1.04225,1.04225,1.04203,1.04218,416.87
24.11.2022 14:11:00.000 UTC,1.04217,1.04219,1.04202,1.04202,411.98
24.11.2022 14:12:00.000 UTC,1.04203,1.04213,1.04193,1.04205,535.46
24.11.2022 14:13:00.000 UTC,1.04204,1.04224,1.04204,1.04222,363.22
24.11.2022 14:14:00.000 UTC,1.04223,1.04226,1.04207,1.04215,331.6
24.11.2022 14:15:00.000 UTC,1.04216,1.04229,1.04198,1.04213,651.04
24.11.2022 14:16:00.000 UTC,1.04214,1.04225,1.04205,1.04221,594.35
24.11.2022 14:17:00.000 UTC,1.0422,1.04243,1.04206,1.04211,536.82
24.11.2022 14:18:00.000 UTC,1.0421,1.04214,1.04193,1.04193,692.88
24.11.2022 14:19:00.000 UTC,1.04191,1.042,1.04185,1.04193,420.43
24.11.2022 14:20:00.000 UTC,1.04194,1.04224,1.04194,1.04211,576.9
24.11.2022 14:21:00.000 UTC,1.0421,1.04213,1.04173,1.04187,542.38
24.11.2022 14:22:00.000 UTC,1.04187,1.04191,1.04163,1.04163,444.38
24.11.2022 14:23:00.000 UTC,1.04167,1.04189,1.04163,1.04181,333.26
24.11.2022 14:24:00.000 UTC,1.04182,1.04228,1.04182,1.04224,707.32
24.11.2022 14:25:00.000 UTC,1.04227,1.04234,1.04213,1.04232,477.5
24.11.2022 14:26:00.000 UTC,1.04233,1.04245,1.0423,1.04237,541.23
24.11.2022 14:27:00.000 UTC,1.04237,1.0427,1.04231,1.0426,629.06
24.11.2022 14:28:00.000 UTC,1.0426,1.04273,1.04257,1.04262,501.91
24.11.2022 14:29:00.000 UTC,1.04263,1.04273,1.04259,1.04264,414.79
24.11.2022 14:30:00.000 UTC,1.04263,1.04268,1.04249,1.04257,552.65
24.11.2022 14:31:00.000 UTC,1.04257,1.04259,1.04234,1.04258,424.77
24.11.2022 14:32:00.000 UTC,1.04259,1.04259,1.0422,1.0422,261.17
24.11.2022 14:33:00.000 UTC,1.04216,1.04221,1.04193,1.04204,549.14
24.11.2022 14:34:00.000 UTC,1.04208,1.04208,1.04182,1.04182,447.5
24.11.2022 14:35:00.000 UTC,1.04183,1.04183,1.04157,1.04178,348.58
24.11.2022 14:36:00.000 UTC,1.04177,1.04181,1.04168,1.04168,318.46
24.11.2022 14:37:00.000 UTC,1.04168,1.04192,1.04167,1.0418,338.44
24.11.2022 14:38:00.000 UTC,1.04181,1.04193,1.04173,1.04192,277.73
24.11.2022 14:39:00.000 UTC,1.04191,1.04222,1.04184,1.04208,701
24.11.2022 14:40:00.000 UTC,1.04205,1.0421,1.0419,1.04203,590.21
24.11.2022 14:41:00.000 UTC,1.04204,1.0422,1.04204,1.04219,353.97
24.11.2022 14:42:00.000 UTC,1.04218,1.04227,1.04207,1.04213,380.38
24.11.2022 14:43:00.000 UTC,1.04212,1.04228,1.04209,1.04222,368.78
24.11.2022 14:44:00.000 UTC,1.04224,1.04228,1.04213,1.04222,315.28
24.11.2022 14:45:00.000 UTC,1.04222,1.04264,1.04213,1.04261,417.28
24.11.2022 14:46:00.000 UTC,1.04262,1.04263,1.04242,1.04247,334
24.11.2022 14:47:00.000 UTC,1.04249,1.04255,1.04223,1.04223,315.7
24.11.2022 14:48:00.000 UTC,1.04228,1.04238,1.04218,1.04228,346.95
24.11.2022 14:49:00.000 UTC,1.04228,1.04228,1.04197,1.04213,478
24.11.2022 14:50:00.000 UTC,1.04214,1.04222,1.04188,1.04191,415.88
24.11.2022 14:51:00.000 UTC,1.04191,1.04199,1.04178,1.04188,38
24.11.2022 14:52:00.000 UTC,1.04189,1.04204,1.04188,1.04199,311.31
24.11.2022 14:53:00.000 UTC,1.04198,1.04209,1.04192,1.04198,349.71
24.11.2022 14:54:00.000 UTC,1.04201,1.04203,1.04173,1.0418,248.68
24.11.2022 14:55:00.000 UTC,1.04182,1.04193,1.04173,1.04174,424.79
24.11.2022 14:56:00.000 UTC,1.04174,1.04189,1.04169,1.04179,432.58
24.11.2022 14:57:00.000 UTC,1.04179,1.04246,1.04179,1.04244,734.07
24.11.2022 14:58:00.000 UTC,1.04243,1.04245,1.04232,1.0424,778.2
24.11.2022 14:59:00.000 UTC,1.04242,1.04243,1.04217,1.04221,472.16
24.11.2022 15:00:00.000 UTC,1.04219,1.04228,1.04207,1.04218,530.55
24.11.2022 15:01:00.000 UTC,1.04219,1.04226,1.04211,1.04214,479.11
24.11.2022 15:02:00.000 UTC,1.04214,1.04214,1.04179,1.04187,448.41
24.11.2022 15:03:00.000 UTC,1.04189,1.04209,1.04189,1.04191,525.92
24.11.2022 15:04:00.000 UTC,1.04192,1.04198,1.04142,1.04149,528.85
24.11.2022 15:05:00.000 UTC,1.04151,1.04178,1.04137,1.04167,427.92
24.11.2022 15:06:00.000 UTC,1.04166,1.04184,1.04164,1.0417,365.88
24.11.2022 15:07:00.000 UTC,1.04169,1.04188,1.04161,1.04178,429.95
24.11.2022 15:08:00.000 UTC,1.04175,1.04175,1.04154,1.04158,376.18
24.11.2022 15:09:00.000 UTC,1.04159,1.04159,1.04129,1.04133,601.03
24.11.2022 15:10:00.000 UTC,1.04132,1.04132,1.04112,1.04129,508.69
24.11.2022 15:11:00.000 UTC,1.04128,1.04132,1.04114,1.04123,455.34
24.11.2022 15:12:00.000 UTC,1.0412,1.04143,1.0412,1.04142,387.58
24.11.2022 15:13:00.000 UTC,1.04142,1.04151,1.04135,1.04144,397.33
24.11.2022 15:14:00.000 UTC,1.04143,1.04145,1.04122,1.04123,466.56
24.11.2022 15:15:00.000 UTC,1.04124,1.04124,1.04113,1.04119,315.62
24.11.2022 15:16:00.000 UTC,1.04117,1.04136,1.04102,1.04132,411.73
24.11.2022 15:17:00.000 UTC,1.04133,1.04133,1.04117,1.04127,354.54
24.11.2022 15:18:00.000 UTC,1.04125,1.04134,1.04122,1.0413,363.07
24.11.2022 15:19:00.000 UTC,1.0413,1.0413,1.04114,1.04124,329.98
24.11.2022 15:20:00.000 UTC,1.04123,1.04131,1.04118,1.04122,320.68
24.11.2022 15:21:00.000 UTC,1.04123,1.04134,1.04119,1.04132,271.81
24.11.2022 15:22:00.000 UTC,1.04133,1.04152,1.04128,1.04144,308.35
24.11.2022 15:23:00.000 UTC,1.04148,1.0415,1.04112,1.04119,443.84
24.11.2022 15:24:00.000 UTC,1.0412,1.04124,1.041,1.04103,411.42
24.11.2022 15:25:00.000 UTC,1.04102,1.04103,1.04077,1.04096,444.9
24.11.2022 15:26:00.000 UTC,1.04099,1.04108,1.04092,1.04093,329.97
24.11.2022 15:27:00.000 UTC,1.04093,1.04103,1.0409,1.04101,377.63
24.11.2022 15:28:00.000 UTC,1.04098,1.04114,1.04094,1.04097,399.19
24.11.2022 15:29:00.000 UTC,1.04097,1.04109,1.04089,1.04095,345.7
24.11.2022 15:30:00.000 UTC,1.04093,1.04105,1.04085,1.04105,238
24.11.2022 15:31:00.000 UTC,1.04102,1.04125,1.04101,1.04122,465.87
24.11.2022 15:32:00.000 UTC,1.04121,1.04129,1.04105,1.0412,429.8
24.11.2022 15:33:00.000 UTC,1.0412,1.04133,1.04114,1.04127,446.18
24.11.2022 15:34:00.000 UTC,1.04128,1.04164,1.04126,1.04145,526.54
24.11.2022 15:35:00.000 UTC,1.04146,1.04177,1.04139,1.04163,523.32
24.11.2022 15:36:00.000 UTC,1.04164,1.04193,1.04164,1.04185,361.91
24.11.2022 15:37:00.000 UTC,1.04186,1.04211,1.04186,1.04208,516.7
24.11.2022 15:38:00.000 UTC,1.04209,1.04217,1.04204,1.04207,252.74
24.11.2022 15:39:00.000 UTC,1.04206,1.04221,1.04206,1.0421,377.15
24.11.2022 15:40:00.000 UTC,1.04212,1.04225,1.0421,1.04217,306.04
24.11.2022 15:41:00.000 UTC,1.04214,1.04219,1.04205,1.04219,412.38
24.11.2022 15:42:00.000 UTC,1.04218,1.04229,1.04214,1.0422,470.32
24.11.2022 15:43:00.000 UTC,1.0422,1.04235,1.04214,1.04228,295.41
24.11.2022 15:44:00.000 UTC,1.04229,1.0423,1.04201,1.04214,425.56
24.11.2022 15:45:00.000 UTC,1.04214,1.04229,1.04205,1.04223,307.49
24.11.2022 15:46:00.000 UTC,1.04224,1.04232,1.04193,1.04196,191.67
24.11.2022 15:47:00.000 UTC,1.04194,1.04199,1.04168,1.04177,379.69
24.11.2022 15:48:00.000 UTC,1.04179,1.04204,1.04176,1.04182,430.46
24.11.2022 15:49:00.000 UTC,1.04181,1.04199,1.04178,1.04192,511.61
24.11.2022 15:50:00.000 UTC,1.04193,1.04225,1.04192,1.04219,296.81
24.11.2022 15:51:00.000 UTC,1.04218,1.04232,1.04214,1.04214,247.77
24.11.2022 15:52:00.000 UTC,1.04212,1.04215,1.04201,1.04202,347.4
24.11.2022 15:53:00.000 UTC,1.04201,1.04204,1.0418,1.04181,388.77
24.11.2022 15:54:00.000 UTC,1.04181,1.04183,1.04141,1.04147,516.95
24.11.2022 15:55:00.000 UTC,1.04146,1.04147,1.04098,1.04098,607.8
24.11.2022 15:56:00.000 UTC,1.04098,1.04098,1.04049,1.04064,564.74
24.11.2022 15:57:00.000 UTC,1.04065,1.04071,1.04042,1.04069,644.53
24.11.2022 15:58:00.000 UTC,1.04072,1.0412,1.04065,1.04116,592.51
24.11.2022 15:59:00.000 UTC,1.04115,1.0412,1.04089,1.04092,628.34
24.11.2022 16:00:00.000 UTC,1.04094,1.0412,1.04078,1.04094,602.14
24.11.2022 16:01:00.000 UTC,1.04094,1.04143,1.04093,1.04136,674.37
24.11.2022 16:02:00.000 UTC,1.04138,1.0414,1.04113,1.04123,600.36
24.11.2022 16:03:00.000 UTC,1.04125,1.04129,1.04108,1.04128,283.94
24.11.2022 16:04:00.000 UTC,1.04129,1.04133,1.04118,1.04131,311.56
24.11.2022 16:05:00.000 UTC,1.04132,1.04133,1.04117,1.04124,188.82
24.11.2022 16:06:00.000 UTC,1.04122,1.04122,1.04088,1.04088,365.47
24.11.2022 16:07:00.000 UTC,1.04088,1.04096,1.04068,1.04076,544.3
24.11.2022 16:08:00.000 UTC,1.04077,1.0411,1.04076,1.04095,420.43
24.11.2022 16:09:00.000 UTC,1.04093,1.04103,1.04085,1.04102,319.24
24.11.2022 16:10:00.000 UTC,1.04102,1.04113,1.04093,1.0411,338.28
24.11.2022 16:11:00.000 UTC,1.0411,1.04125,1.04102,1.04116,461.78
24.11.2022 16:12:00.000 UTC,1.04116,1.04134,1.04112,1.04117,493.12
24.11.2022 16:13:00.000 UTC,1.04117,1.04117,1.04098,1.04108,408.87
24.11.2022 16:14:00.000 UTC,1.04107,1.04118,1.04094,1.04095,605.96
24.11.2022 16:15:00.000 UTC,1.04096,1.041,1.04062,1.04068,463.58
24.11.2022 16:16:00.000 UTC,1.04068,1.0407,1.04019,1.04058,531.51
24.11.2022 16:17:00.000 UTC,1.04057,1.04074,1.04053,1.04057,485.67
24.11.2022 16:18:00.000 UTC,1.04058,1.04068,1.0405,1.04065,292.07
24.11.2022 16:19:00.000 UTC,1.04064,1.04074,1.04062,1.04068,266.88
24.11.2022 16:20:00.000 UTC,1.04069,1.04075,1.04064,1.04075,110.78
24.11.2022 16:21:00.000 UTC,1.04075,1.04075,1.04054,1.04054,234.68
24.11.2022 16:22:00.000 UTC,1.04055,1.04066,1.04031,1.04034,524.53
24.11.2022 16:23:00.000 UTC,1.04035,1.04045,1.04034,1.04045,285.77
24.11.2022 16:24:00.000 UTC,1.04045,1.04049,1.0404,1.0404,231
24.11.2022 16:25:00.000 UTC,1.0404,1.04055,1.04034,1.04055,428.93
24.11.2022 16:26:00.000 UTC,1.04056,1.04065,1.04056,1.0406,253.64
24.11.2022 16:27:00.000 UTC,1.04059,1.04059,1.04032,1.04035,315.48
24.11.2022 16:28:00.000 UTC,1.04034,1.04057,1.04033,1.04047,407.14
24.11.2022 16:29:00.000 UTC,1.04047,1.04065,1.04042,1.04056,435.57
24.11.2022 16:30:00.000 UTC,1.04056,1.04056,1.04043,1.04045,241.78
24.11.2022 16:31:00.000 UTC,1.04047,1.04047,1.04034,1.04035,363.57
24.11.2022 16:32:00.000 UTC,1.04036,1.04044,1.04034,1.04041,138.76
24.11.2022 16:33:00.000 UTC,1.04042,1.0405,1.04029,1.04049,280.76
24.11.2022 16:34:00.000 UTC,1.04048,1.04056,1.04046,1.04049,283.42
24.11.2022 16:35:00.000 UTC,1.04048,1.04081,1.04048,1.04078,325.78
24.11.2022 16:36:00.000 UTC,1.04079,1.04088,1.04078,1.04088,276
24.11.2022 16:37:00.000 UTC,1.04088,1.0411,1.04088,1.04104,355.17
24.11.2022 16:38:00.000 UTC,1.04103,1.04112,1.04102,1.04106,363.34
24.11.2022 16:39:00.000 UTC,1.04106,1.04106,1.04079,1.0408,296.04
24.11.2022 16:40:00.000 UTC,1.04079,1.04095,1.04078,1.04088,227.33
24.11.2022 16:41:00.000 UTC,1.04089,1.04101,1.04089,1.04093,180.45
24.11.2022 16:42:00.000 UTC,1.04094,1.04099,1.04091,1.04099,148.5
24.11.2022 16:43:00.000 UTC,1.04097,1.041,1.04086,1.04089,143.57
24.11.2022 16:44:00.000 UTC,1.04088,1.04089,1.04069,1.0407,155.14
24.11.2022 16:45:00.000 UTC,1.04071,1.04072,1.04051,1.04061,233.88
24.11.2022 16:46:00.000 UTC,1.04061,1.04073,1.04058,1.04071,142.7
24.11.2022 16:47:00.000 UTC,1.04071,1.04073,1.04064,1.04065,85.24
24.11.2022 16:48:00.000 UTC,1.04065,1.04079,1.04062,1.04063,209.6
24.11.2022 16:49:00.000 UTC,1.04065,1.04065,1.04058,1.04062,121.44
24.11.2022 16:50:00.000 UTC,1.04061,1.04073,1.04061,1.04071,95.04
24.11.2022 16:51:00.000 UTC,1.04069,1.04069,1.04058,1.04066,195.12
24.11.2022 16:52:00.000 UTC,1.04064,1.04067,1.04058,1.04061,82.36
24.11.2022 16:53:00.000 UTC,1.04057,1.04057,1.04051,1.04057,142.76
24.11.2022 16:54:00.000 UTC,1.0406,1.04061,1.04057,1.04059,88.04
24.11.2022 16:55:00.000 UTC,1.04057,1.04061,1.04053,1.04056,112.65
24.11.2022 16:56:00.000 UTC,1.04056,1.0407,1.04056,1.04068,70.48
24.11.2022 16:57:00.000 UTC,1.04067,1.04077,1.04066,1.04076,124.48
24.11.2022 16:58:00.000 UTC,1.04075,1.04083,1.0407,1.0407,193.12
24.11.2022 16:59:00.000 UTC,1.04072,1.04077,1.04068,1.04068,114.62
24.11.2022 17:00:00.000 UTC,1.04067,1.04071,1.04052,1.04052,518.33
24.11.2022 17:01:00.000 UTC,1.04047,1.04063,1.04019,1.04058,436.28
24.11.2022 17:02:00.000 UTC,1.04059,1.0407,1.04058,1.04065,134.38
24.11.2022 17:03:00.000 UTC,1.04068,1.04079,1.04061,1.04072,225.62
24.11.2022 17:04:00.000 UTC,1.04072,1.04076,1.04067,1.04072,175.86
24.11.2022 17:05:00.000 UTC,1.04074,1.04078,1.04068,1.04071,159.47
24.11.2022 17:06:00.000 UTC,1.04069,1.04082,1.04069,1.04079,159.68
24.11.2022 17:07:00.000 UTC,1.04078,1.04079,1.0406,1.04071,296.59
24.11.2022 17:08:00.000 UTC,1.04071,1.04071,1.04061,1.04068,232.32
24.11.2022 17:09:00.000 UTC,1.04067,1.04069,1.04058,1.0406,150.98
24.11.2022 17:10:00.000 UTC,1.04061,1.04072,1.0406,1.0407,120.52
24.11.2022 17:11:00.000 UTC,1.04071,1.04081,1.04068,1.0408,256.26
24.11.2022 17:12:00.000 UTC,1.04081,1.04089,1.04073,1.04075,243.54
24.11.2022 17:13:00.000 UTC,1.04073,1.04078,1.04069,1.04073,92.14
24.11.2022 17:14:00.000 UTC,1.04073,1.04078,1.04069,1.04071,125.58
24.11.2022 17:15:00.000 UTC,1.04068,1.04076,1.04066,1.04074,140.19
24.11.2022 17:16:00.000 UTC,1.04076,1.04076,1.04061,1.04061,91.64
24.11.2022 17:17:00.000 UTC,1.0406,1.04065,1.04046,1.04049,156.62
24.11.2022 17:18:00.000 UTC,1.04046,1.04049,1.04034,1.04037,112.04
24.11.2022 17:19:00.000 UTC,1.04042,1.04047,1.04037,1.0404,118.56
24.11.2022 17:20:00.000 UTC,1.04039,1.04041,1.04029,1.04033,99.34
24.11.2022 17:21:00.000 UTC,1.04034,1.04039,1.04024,1.04026,231.85
24.11.2022 17:22:00.000 UTC,1.04027,1.04048,1.04026,1.04038,258.69
24.11.2022 17:23:00.000 UTC,1.0404,1.04048,1.04038,1.04044,174.46
24.11.2022 17:24:00.000 UTC,1.0405,1.04062,1.04047,1.04048,269.79
24.11.2022 17:25:00.000 UTC,1.04048,1.04063,1.04047,1.04063,127.97
24.11.2022 17:26:00.000 UTC,1.04061,1.0407,1.04061,1.04069,67.86
24.11.2022 17:27:00.000 UTC,1.04069,1.04083,1.04069,1.04078,173.15
24.11.2022 17:28:00.000 UTC,1.04079,1.04079,1.04059,1.04069,129.96
24.11.2022 17:29:00.000 UTC,1.0407,1.04072,1.04064,1.04066,151.6
24.11.2022 17:30:00.000 UTC,1.04066,1.04073,1.04066,1.04067,86.7
24.11.2022 17:31:00.000 UTC,1.04068,1.04074,1.04067,1.04068,108.26
24.11.2022 17:32:00.000 UTC,1.04067,1.04068,1.04027,1.0403,417.34
24.11.2022 17:33:00.000 UTC,1.0403,1.04036,1.04016,1.04033,293.86
24.11.2022 17:34:00.000 UTC,1.04033,1.04051,1.04032,1.04047,132.14
24.11.2022 17:35:00.000 UTC,1.04048,1.04048,1.04044,1.04048,77.3
24.11.2022 17:36:00.000 UTC,1.04048,1.04067,1.04047,1.04067,159.66
24.11.2022 17:37:00.000 UTC,1.04065,1.04065,1.04051,1.04052,145.66
24.11.2022 17:38:00.000 UTC,1.04054,1.04064,1.04054,1.04058,193.22
24.11.2022 17:39:00.000 UTC,1.04057,1.04059,1.04051,1.04052,101.12
24.11.2022 17:40:00.000 UTC,1.04051,1.04059,1.04051,1.04059,107.54
24.11.2022 17:41:00.000 UTC,1.04062,1.04065,1.04062,1.04064,73.62
24.11.2022 17:42:00.000 UTC,1.04063,1.04064,1.04048,1.04049,184.42
24.11.2022 17:43:00.000 UTC,1.04048,1.04055,1.04047,1.04047,78.3
24.11.2022 17:44:00.000 UTC,1.0405,1.04061,1.04049,1.0406,221.16
24.11.2022 17:45:00.000 UTC,1.04059,1.04067,1.04057,1.04064,185.64
24.11.2022 17:46:00.000 UTC,1.04065,1.04068,1.04059,1.04066,144.32
24.11.2022 17:47:00.000 UTC,1.04067,1.04067,1.04059,1.04064,82.7
24.11.2022 17:48:00.000 UTC,1.04065,1.04069,1.04063,1.04069,58.86
24.11.2022 17:49:00.000 UTC,1.04071,1.04073,1.04069,1.04069,45.42
24.11.2022 17:50:00.000 UTC,1.0407,1.04071,1.04069,1.04071,62.02
24.11.2022 17:51:00.000 UTC,1.04069,1.04072,1.04066,1.04067,55.22
24.11.2022 17:52:00.000 UTC,1.04066,1.04069,1.04064,1.04069,88.54
24.11.2022 17:53:00.000 UTC,1.04069,1.04069,1.04063,1.04063,145.82
24.11.2022 17:54:00.000 UTC,1.04062,1.04068,1.04058,1.04066,231.72
24.11.2022 17:55:00.000 UTC,1.04067,1.04069,1.04065,1.04068,69.1
24.11.2022 17:56:00.000 UTC,1.0407,1.04092,1.04068,1.0409,297.69
24.11.2022 17:57:00.000 UTC,1.04089,1.04095,1.04086,1.04086,130.65
24.11.2022 17:58:00.000 UTC,1.04085,1.04095,1.0408,1.04081,140.73
24.11.2022 17:59:00.000 UTC,1.04081,1.04089,1.04079,1.04086,130.43
24.11.2022 18:00:00.000 UTC,1.04087,1.04092,1.04086,1.04086,126.87
24.11.2022 18:01:00.000 UTC,1.04085,1.04091,1.04085,1.04091,66.25
24.11.2022 18:02:00.000 UTC,1.04089,1.04101,1.04087,1.04096,81.14
24.11.2022 18:03:00.000 UTC,1.04097,1.04097,1.04095,1.04095,21.92
24.11.2022 18:04:00.000 UTC,1.04095,1.04096,1.04093,1.04095,29.32
24.11.2022 18:05:00.000 UTC,1.04096,1.04096,1.04095,1.04096,18.08
24.11.2022 18:06:00.000 UTC,1.04095,1.04097,1.04089,1.0409,78.94
24.11.2022 18:07:00.000 UTC,1.0409,1.04091,1.04087,1.04087,122
24.11.2022 18:08:00.000 UTC,1.04088,1.04088,1.04056,1.04057,171.21
24.11.2022 18:09:00.000 UTC,1.04058,1.04059,1.04057,1.04059,71.52
24.11.2022 18:10:00.000 UTC,1.04059,1.04059,1.04039,1.04043,163.33
24.11.2022 18:11:00.000 UTC,1.04044,1.04044,1.04031,1.04033,114.16
24.11.2022 18:12:00.000 UTC,1.04034,1.04042,1.04034,1.04041,100.93
24.11.2022 18:13:00.000 UTC,1.04043,1.04051,1.04043,1.0405,76.23
24.11.2022 18:14:00.000 UTC,1.04049,1.04054,1.04042,1.04042,85.32
24.11.2022 18:15:00.000 UTC,1.04045,1.0405,1.04045,1.04047,55.68
24.11.2022 18:16:00.000 UTC,1.04046,1.04053,1.04046,1.0405,82.6
24.11.2022 18:17:00.000 UTC,1.04052,1.04054,1.04052,1.04054,14.84
24.11.2022 18:18:00.000 UTC,1.04052,1.04052,1.04052,1.04052,4.02
24.11.2022 18:19:00.000 UTC,1.04052,1.04053,1.04052,1.04053,11.68
24.11.2022 18:20:00.000 UTC,1.0405,1.0405,1.04049,1.04049,8.08
24.11.2022 18:21:00.000 UTC,1.04051,1.04051,1.04048,1.0405,26.98
24.11.2022 18:22:00.000 UTC,1.04049,1.0405,1.04049,1.04049,15.28
24.11.2022 18:23:00.000 UTC,1.04049,1.0405,1.04049,1.0405,21.6
24.11.2022 18:24:00.000 UTC,1.0405,1.04051,1.04049,1.04049,111.3
24.11.2022 18:25:00.000 UTC,1.04048,1.04048,1.04047,1.04047,7.64
24.11.2022 18:26:00.000 UTC,1.04049,1.0405,1.04047,1.04049,18.44
24.11.2022 18:27:00.000 UTC,1.04051,1.04052,1.04037,1.04037,74.52
24.11.2022 18:28:00.000 UTC,1.04036,1.04036,1.04032,1.04033,64.68
24.11.2022 18:29:00.000 UTC,1.04034,1.04038,1.04031,1.04031,76.46
24.11.2022 18:30:00.000 UTC,1.04032,1.04036,1.04032,1.04033,90.86
24.11.2022 18:31:00.000 UTC,1.04032,1.04033,1.04027,1.04031,120.52
24.11.2022 18:32:00.000 UTC,1.04031,1.04032,1.04027,1.04027,120.46
24.11.2022 18:33:00.000 UTC,1.04028,1.04028,1.04027,1.04028,33.18
24.11.2022 18:34:00.000 UTC,1.04028,1.04028,1.04027,1.04027,17.06
24.11.2022 18:35:00.000 UTC,1.04028,1.04029,1.04027,1.04028,50.4
24.11.2022 18:36:00.000 UTC,1.04027,1.04029,1.04026,1.04028,37.34
24.11.2022 18:37:00.000 UTC,1.04026,1.04026,1.04026,1.04026,1.8
24.11.2022 18:38:00.000 UTC,1.04027,1.04028,1.04027,1.04027,44.1
24.11.2022 18:39:00.000 UTC,1.04027,1.04028,1.04012,1.04012,35.54
24.11.2022 18:40:00.000 UTC,1.04012,1.04013,1.04011,1.04012,40.94
24.11.2022 18:41:00.000 UTC,1.04013,1.04015,1.04012,1.04015,22.5
24.11.2022 18:42:00.000 UTC,1.04015,1.04033,1.04015,1.04024,128.57
24.11.2022 18:43:00.000 UTC,1.04023,1.04024,1.04021,1.04021,36.92
24.11.2022 18:44:00.000 UTC,1.04024,1.04024,1.0402,1.0402,77.24
24.11.2022 18:45:00.000 UTC,1.04021,1.04024,1.04021,1.04021,58.82
24.11.2022 18:46:00.000 UTC,1.04021,1.04025,1.04021,1.04023,73.18
24.11.2022 18:47:00.000 UTC,1.04023,1.04026,1.04023,1.04026,56.7
24.11.2022 18:48:00.000 UTC,1.04024,1.04025,1.04024,1.04025,7.2
24.11.2022 18:49:00.000 UTC,1.04024,1.04027,1.04024,1.04026,19.88
24.11.2022 18:50:00.000 UTC,1.04027,1.04032,1.04027,1.04027,164.08
24.11.2022 18:51:00.000 UTC,1.04028,1.04037,1.04028,1.04036,45.48
24.11.2022 18:52:00.000 UTC,1.04035,1.04038,1.04035,1.04038,17.08
24.11.2022 18:53:00.000 UTC,1.04038,1.04041,1.04038,1.04039,18
24.11.2022 18:54:00.000 UTC,1.0404,1.04041,1.04036,1.04036,96.42
24.11.2022 18:55:00.000 UTC,1.04038,1.04038,1.04031,1.04032,80.58
24.11.2022 18:56:00.000 UTC,1.04031,1.04034,1.04031,1.04034,25.64
24.11.2022 18:57:00.000 UTC,1.04033,1.04035,1.04028,1.0403,162.84
24.11.2022 18:58:00.000 UTC,1.04029,1.04042,1.04029,1.04039,279.24
24.11.2022 18:59:00.000 UTC,1.04038,1.04053,1.04038,1.04052,237.02
24.11.2022 19:00:00.000 UTC,1.04051,1.04064,1.04051,1.04062,78.84
24.11.2022 19:01:00.000 UTC,1.04062,1.04068,1.04061,1.04065,84.94
24.11.2022 19:02:00.000 UTC,1.04063,1.04064,1.0406,1.04062,65.54
24.11.2022 19:03:00.000 UTC,1.04064,1.04064,1.04064,1.04064,8.1
24.11.2022 19:04:00.000 UTC,1.04064,1.04066,1.04063,1.04063,29.04
24.11.2022 19:05:00.000 UTC,1.04064,1.04066,1.04058,1.04058,75.14
24.11.2022 19:06:00.000 UTC,1.04057,1.04057,1.04055,1.04056,11.44
24.11.2022 19:07:00.000 UTC,1.04055,1.04056,1.04054,1.04056,19.5
24.11.2022 19:08:00.000 UTC,1.04057,1.04057,1.04055,1.04055,29.54
24.11.2022 19:09:00.000 UTC,1.04055,1.04055,1.04054,1.04055,15.02
24.11.2022 19:10:00.000 UTC,1.04054,1.04055,1.04047,1.04049,87.76
24.11.2022 19:11:00.000 UTC,1.04049,1.04051,1.04048,1.0405,79.9
24.11.2022 19:12:00.000 UTC,1.04051,1.04058,1.04049,1.04051,124.88
24.11.2022 19:13:00.000 UTC,1.04053,1.04053,1.0405,1.04051,28.8
24.11.2022 19:14:00.000 UTC,1.04051,1.04052,1.04048,1.04049,52.5
24.11.2022 19:15:00.000 UTC,1.04053,1.04057,1.04052,1.04054,224.26
24.11.2022 19:16:00.000 UTC,1.04052,1.04059,1.04052,1.04053,383.44
24.11.2022 19:17:00.000 UTC,1.04057,1.04057,1.04053,1.04056,49.24
24.11.2022 19:18:00.000 UTC,1.04054,1.04056,1.04054,1.04056,22.04
24.11.2022 19:19:00.000 UTC,1.04057,1.04058,1.04052,1.04054,67.78
24.11.2022 19:20:00.000 UTC,1.04055,1.04056,1.04053,1.04054,77.48
24.11.2022 19:21:00.000 UTC,1.04055,1.04055,1.04054,1.04055,10.8
24.11.2022 19:22:00.000 UTC,1.04055,1.04055,1.04043,1.04044,70.04
24.11.2022 19:23:00.000 UTC,1.04042,1.04045,1.04042,1.04044,32.4
24.11.2022 19:24:00.000 UTC,1.04044,1.04045,1.04042,1.04042,57.6
24.11.2022 19:25:00.000 UTC,1.04043,1.0405,1.04042,1.0405,23.82
24.11.2022 19:26:00.000 UTC,1.04049,1.04049,1.04047,1.04048,36.23
24.11.2022 19:27:00.000 UTC,1.0405,1.04051,1.04048,1.0405,41.11
24.11.2022 19:28:00.000 UTC,1.04048,1.04052,1.04048,1.04051,42.07
24.11.2022 19:29:00.000 UTC,1.04055,1.04055,1.04049,1.0405,61.04
24.11.2022 19:30:00.000 UTC,1.04051,1.04052,1.04042,1.04042,63.88
24.11.2022 19:31:00.000 UTC,1.04042,1.04053,1.04042,1.04052,40.94
24.11.2022 19:32:00.000 UTC,1.04056,1.04057,1.04047,1.04057,98.12
24.11.2022 19:33:00.000 UTC,1.04056,1.04057,1.04046,1.04048,148.62
24.11.2022 19:34:00.000 UTC,1.04047,1.04057,1.04047,1.04057,38.68
24.11.2022 19:35:00.000 UTC,1.04056,1.04057,1.04045,1.04046,97.9
24.11.2022 19:36:00.000 UTC,1.04045,1.04047,1.04043,1.04044,63.45
24.11.2022 19:37:00.000 UTC,1.04044,1.04045,1.04043,1.04045,33.3
24.11.2022 19:38:00.000 UTC,1.04044,1.04051,1.04043,1.04047,89.77
24.11.2022 19:39:00.000 UTC,1.04046,1.04047,1.04044,1.04044,20.24
24.11.2022 19:40:00.000 UTC,1.04043,1.04044,1.04043,1.04044,21.6
24.11.2022 19:41:00.000 UTC,1.04043,1.04054,1.04041,1.04054,148.4
24.11.2022 19:42:00.000 UTC,1.04053,1.04055,1.04042,1.04042,126.1
24.11.2022 19:43:00.000 UTC,1.04042,1.04046,1.04042,1.04045,119.24
24.11.2022 19:44:00.000 UTC,1.04045,1.04045,1.04044,1.04045,109.68
24.11.2022 19:45:00.000 UTC,1.04044,1.04052,1.04044,1.04052,93.58
24.11.2022 19:46:00.000 UTC,1.04053,1.04053,1.04046,1.0405,285.3
24.11.2022 19:47:00.000 UTC,1.0405,1.0405,1.04046,1.04047,200.24
24.11.2022 19:48:00.000 UTC,1.04046,1.04048,1.04043,1.04043,86.84
24.11.2022 19:49:00.000 UTC,1.04043,1.0405,1.04043,1.04047,99.48
24.11.2022 19:50:00.000 UTC,1.04049,1.04051,1.04046,1.04047,54
24.11.2022 19:51:00.000 UTC,1.04048,1.04052,1.04045,1.04046,61.62
24.11.2022 19:52:00.000 UTC,1.04046,1.04049,1.04044,1.04049,36
24.11.2022 19:53:00.000 UTC,1.04047,1.0405,1.04047,1.04049,35.82
24.11.2022 19:54:00.000 UTC,1.04049,1.04053,1.04046,1.04053,70.64
24.11.2022 19:55:00.000 UTC,1.04052,1.04075,1.0405,1.04074,378.54
24.11.2022 19:56:00.000 UTC,1.04074,1.0409,1.04073,1.04088,348.4
24.11.2022 19:57:00.000 UTC,1.04089,1.04099,1.04088,1.04094,197.85
24.11.2022 19:58:00.000 UTC,1.04093,1.04119,1.04093,1.04109,241.26
24.11.2022 19:59:00.000 UTC,1.04111,1.04134,1.04108,1.04132,342.74
24.11.2022 20:00:00.000 UTC,1.04133,1.04134,1.04119,1.04127,195.74
24.11.2022 20:01:00.000 UTC,1.04133,1.04135,1.04127,1.04134,242.96
24.11.2022 20:02:00.000 UTC,1.04133,1.04142,1.04118,1.04121,460.16
24.11.2022 20:03:00.000 UTC,1.04121,1.04123,1.04118,1.04118,156.6
24.11.2022 20:04:00.000 UTC,1.04119,1.0413,1.04113,1.0413,169.92
24.11.2022 20:05:00.000 UTC,1.04128,1.0413,1.04127,1.0413,72.34
24.11.2022 20:06:00.000 UTC,1.04129,1.04134,1.04129,1.04132,60.07
24.11.2022 20:07:00.000 UTC,1.04133,1.04138,1.04132,1.04133,99.57
24.11.2022 20:08:00.000 UTC,1.04133,1.04134,1.04127,1.04128,80.28
24.11.2022 20:09:00.000 UTC,1.04126,1.04126,1.04126,1.04126,7.12
24.11.2022 20:10:00.000 UTC,1.04127,1.04132,1.04127,1.04128,54.36
24.11.2022 20:11:00.000 UTC,1.0413,1.0413,1.04127,1.04129,61.52
24.11.2022 20:12:00.000 UTC,1.04126,1.04126,1.04089,1.0409,125.43
24.11.2022 20:13:00.000 UTC,1.0409,1.04096,1.04089,1.04094,38.7
24.11.2022 20:14:00.000 UTC,1.04095,1.04097,1.04094,1.04097,48.02
24.11.2022 20:15:00.000 UTC,1.04097,1.04105,1.04096,1.04097,122.1
24.11.2022 20:16:00.000 UTC,1.04098,1.04098,1.04081,1.04083,487.86
24.11.2022 20:17:00.000 UTC,1.04082,1.04086,1.04081,1.04085,205.16
24.11.2022 20:18:00.000 UTC,1.04084,1.04084,1.04077,1.0408,35.92
24.11.2022 20:19:00.000 UTC,1.04079,1.0408,1.04079,1.0408,7.2
24.11.2022 20:20:00.000 UTC,1.04079,1.0408,1.04079,1.0408,11.7
24.11.2022 20:21:00.000 UTC,1.0408,1.04081,1.04073,1.04078,83.42
24.11.2022 20:22:00.000 UTC,1.04075,1.04075,1.04062,1.04065,75.32
24.11.2022 20:23:00.000 UTC,1.04064,1.04065,1.04059,1.04063,71.58
24.11.2022 20:24:00.000 UTC,1.04062,1.04062,1.04059,1.0406,22.9
24.11.2022 20:25:00.000 UTC,1.0406,1.04061,1.04059,1.0406,10.06
24.11.2022 20:26:00.000 UTC,1.04059,1.0406,1.04059,1.0406,17.84
24.11.2022 20:27:00.000 UTC,1.04059,1.0406,1.04059,1.0406,14.4
24.11.2022 20:28:00.000 UTC,1.0406,1.04062,1.0406,1.0406,45
24.11.2022 20:29:00.000 UTC,1.04061,1.04085,1.04058,1.0408,99.32
24.11.2022 20:30:00.000 UTC,1.04079,1.04086,1.04078,1.04079,206.22
24.11.2022 20:31:00.000 UTC,1.04078,1.04091,1.04076,1.04091,181.54
24.11.2022 20:32:00.000 UTC,1.0409,1.04092,1.0408,1.04082,268.36
24.11.2022 20:33:00.000 UTC,1.04083,1.04097,1.04083,1.0409,390.64
24.11.2022 20:34:00.000 UTC,1.04092,1.04096,1.04083,1.04095,277.88
24.11.2022 20:35:00.000 UTC,1.04095,1.04097,1.0409,1.0409,573.8
24.11.2022 20:36:00.000 UTC,1.04091,1.04092,1.0409,1.04091,299.34
24.11.2022 20:37:00.000 UTC,1.04091,1.04093,1.0409,1.04091,131.74
24.11.2022 20:38:00.000 UTC,1.04092,1.04093,1.04081,1.04083,365.32
24.11.2022 20:39:00.000 UTC,1.04083,1.04094,1.04083,1.04093,159.22
24.11.2022 20:40:00.000 UTC,1.04093,1.04094,1.04086,1.04092,129.44
24.11.2022 20:41:00.000 UTC,1.04092,1.04093,1.0409,1.04091,84.6
24.11.2022 20:42:00.000 UTC,1.0409,1.04092,1.0409,1.04091,32.4
24.11.2022 20:43:00.000 UTC,1.04091,1.04098,1.0409,1.04095,156.6
24.11.2022 20:44:00.000 UTC,1.04095,1.04105,1.04095,1.041,118.8
24.11.2022 20:45:00.000 UTC,1.041,1.04116,1.041,1.04115,128.08
24.11.2022 20:46:00.000 UTC,1.04116,1.04117,1.04114,1.04114,100.8
24.11.2022 20:47:00.000 UTC,1.04114,1.04115,1.04106,1.04106,70.2
24.11.2022 20:48:00.000 UTC,1.04106,1.04107,1.04105,1.04105,47.24
24.11.2022 20:49:00.000 UTC,1.04103,1.04103,1.04094,1.04097,142.12
24.11.2022 20:50:00.000 UTC,1.04095,1.04106,1.04094,1.04105,159.52
24.11.2022 20:51:00.000 UTC,1.04106,1.04129,1.04106,1.04127,394.22
24.11.2022 20:52:00.000 UTC,1.04127,1.04127,1.04122,1.04124,61.14
24.11.2022 20:53:00.000 UTC,1.04123,1.04127,1.04094,1.04095,256.05
24.11.2022 20:54:00.000 UTC,1.04097,1.04098,1.04092,1.04093,109.78
24.11.2022 20:55:00.000 UTC,1.04093,1.04111,1.04093,1.04108,176.3
24.11.2022 20:56:00.000 UTC,1.04108,1.04115,1.04105,1.04114,164.02
24.11.2022 20:57:00.000 UTC,1.04114,1.04121,1.04109,1.04119,404.6
24.11.2022 20:58:00.000 UTC,1.04119,1.04121,1.04115,1.04121,191.56
24.11.2022 20:59:00.000 UTC,1.04121,1.04132,1.04116,1.04132,464.19
24.11.2022 21:00:00.000 UTC,1.04132,1.04133,1.04094,1.04097,216.51
24.11.2022 21:01:00.000 UTC,1.04097,1.04109,1.04095,1.04099,144.93
24.11.2022 21:02:00.000 UTC,1.04097,1.04104,1.04096,1.041,120.44
24.11.2022 21:03:00.000 UTC,1.04099,1.041,1.04097,1.041,65.62
24.11.2022 21:04:00.000 UTC,1.04098,1.04102,1.04098,1.04101,39.1
24.11.2022 21:05:00.000 UTC,1.04101,1.04103,1.04099,1.04101,66.16
24.11.2022 21:06:00.000 UTC,1.04101,1.04103,1.0408,1.04081,158
24.11.2022 21:07:00.000 UTC,1.04082,1.04105,1.04082,1.041,154.21
24.11.2022 21:08:00.000 UTC,1.041,1.04113,1.04097,1.04099,115.3
24.11.2022 21:09:00.000 UTC,1.04099,1.04105,1.04094,1.04094,228.01
24.11.2022 21:10:00.000 UTC,1.04095,1.04096,1.04092,1.04095,147.43
24.11.2022 21:11:00.000 UTC,1.04094,1.04096,1.04084,1.04091,262.79
24.11.2022 21:12:00.000 UTC,1.04092,1.04096,1.04082,1.04082,77.22
24.11.2022 21:13:00.000 UTC,1.04083,1.04086,1.04081,1.04083,103.81
24.11.2022 21:14:00.000 UTC,1.04086,1.04086,1.04082,1.04082,35.34
24.11.2022 21:15:00.000 UTC,1.04083,1.04093,1.04079,1.0409,118.67
24.11.2022 21:16:00.000 UTC,1.04089,1.04094,1.04081,1.04082,181.46
24.11.2022 21:17:00.000 UTC,1.04081,1.04089,1.0408,1.04089,115.32
24.11.2022 21:18:00.000 UTC,1.0409,1.04092,1.04083,1.04086,62.29
24.11.2022 21:19:00.000 UTC,1.04084,1.04089,1.04083,1.04086,63.3
24.11.2022 21:20:00.000 UTC,1.04087,1.04107,1.04087,1.04094,216.9
24.11.2022 21:21:00.000 UTC,1.04095,1.04106,1.04093,1.04104,148.46
24.11.2022 21:22:00.000 UTC,1.04105,1.04111,1.04094,1.04094,99.18
24.11.2022 21:23:00.000 UTC,1.04092,1.04097,1.04091,1.04092,30.96
24.11.2022 21:24:00.000 UTC,1.04092,1.04096,1.04088,1.04096,61.86
24.11.2022 21:25:00.000 UTC,1.04095,1.04098,1.04094,1.04094,21.64
24.11.2022 21:26:00.000 UTC,1.04096,1.04098,1.04091,1.04091,26.5
24.11.2022 21:27:00.000 UTC,1.04093,1.04098,1.04093,1.04098,8.21
24.11.2022 21:28:00.000 UTC,1.04097,1.04107,1.04097,1.04107,74.36
24.11.2022 21:29:00.000 UTC,1.04106,1.04119,1.04101,1.04107,256.8
24.11.2022 21:30:00.000 UTC,1.04105,1.04113,1.04102,1.04111,44.84
24.11.2022 21:31:00.000 UTC,1.04112,1.04114,1.04102,1.04102,74.71
24.11.2022 21:32:00.000 UTC,1.04102,1.04104,1.041,1.04102,31.76
24.11.2022 21:33:00.000 UTC,1.04103,1.04109,1.04103,1.04107,15.6
24.11.2022 21:34:00.000 UTC,1.04108,1.04109,1.04106,1.04106,24.54
24.11.2022 21:35:00.000 UTC,1.04107,1.04108,1.04096,1.04097,62.84
24.11.2022 21:36:00.000 UTC,1.04098,1.04099,1.04096,1.04097,8.84
24.11.2022 21:37:00.000 UTC,1.04097,1.04098,1.04097,1.04098,1.32
24.11.2022 21:39:00.000 UTC,1.04098,1.04098,1.04098,1.04098,2.24
24.11.2022 21:40:00.000 UTC,1.04098,1.04102,1.04097,1.04101,6.68
24.11.2022 21:41:00.000 UTC,1.04101,1.04107,1.04101,1.04107,12.2
24.11.2022 21:42:00.000 UTC,1.04108,1.04108,1.04107,1.04107,3.92
24.11.2022 21:43:00.000 UTC,1.04107,1.04108,1.04106,1.04108,6.82
24.11.2022 21:44:00.000 UTC,1.04107,1.04108,1.04096,1.04099,36.11
24.11.2022 21:45:00.000 UTC,1.04101,1.04104,1.04096,1.04096,43.84
24.11.2022 21:46:00.000 UTC,1.04097,1.04103,1.04097,1.04102,22.86
24.11.2022 21:47:00.000 UTC,1.04102,1.04106,1.04102,1.04103,8.74
24.11.2022 21:48:00.000 UTC,1.04102,1.04103,1.04102,1.04102,12.08
24.11.2022 21:49:00.000 UTC,1.04102,1.0411,1.04102,1.04108,10.28
24.11.2022 21:50:00.000 UTC,1.04108,1.04118,1.04106,1.04106,68.63
24.11.2022 21:51:00.000 UTC,1.04106,1.04122,1.04106,1.0411,130.66
24.11.2022 21:52:00.000 UTC,1.0411,1.04114,1.0411,1.04113,61.2
24.11.2022 21:53:00.000 UTC,1.04121,1.04121,1.04116,1.04119,19.28
24.11.2022 21:54:00.000 UTC,1.04118,1.04121,1.04115,1.04117,78.24
24.11.2022 21:55:00.000 UTC,1.04119,1.04119,1.04111,1.04114,126.76
24.11.2022 21:56:00.000 UTC,1.04114,1.04116,1.04114,1.04115,31.5
24.11.2022 21:57:00.000 UTC,1.04115,1.04119,1.04111,1.04111,38.6
24.11.2022 21:58:00.000 UTC,1.04111,1.04116,1.04097,1.04097,55.16
24.11.2022 21:59:00.000 UTC,1.04097,1.04108,1.04071,1.04071,64.19
24.11.2022 22:00:00.000 UTC,1.04071,1.041,1.04071,1.041,6.52
24.11.2022 22:03:00.000 UTC,1.041,1.041,1.041,1.041,6
24.11.2022 22:06:00.000 UTC,1.041,1.041,1.041,1.041,12
24.11.2022 22:11:00.000 UTC,1.041,1.041,1.041,1.041,3
24.11.2022 22:14:00.000 UTC,1.041,1.041,1.041,1.041,27
24.11.2022 22:16:00.000 UTC,1.041,1.041,1.041,1.041,6
24.11.2022 22:17:00.000 UTC,1.041,1.041,1.041,1.041,3
24.11.2022 22:22:00.000 UTC,1.041,1.041,1.041,1.041,12
24.11.2022 22:23:00.000 UTC,1.041,1.041,1.04079,1.04099,6.42
24.11.2022 22:24:00.000 UTC,1.041,1.041,1.041,1.041,2.99
24.11.2022 22:25:00.000 UTC,1.041,1.041,1.041,1.041,11.96
24.11.2022 22:26:00.000 UTC,1.041,1.041,1.04079,1.04079,23.73
24.11.2022 22:27:00.000 UTC,1.04079,1.04079,1.04079,1.04079,6.24
24.11.2022 22:28:00.000 UTC,1.04079,1.04079,1.04079,1.04079,7.16
24.11.2022 22:29:00.000 UTC,1.04079,1.04079,1.04079,1.04079,1.32
24.11.2022 22:30:00.000 UTC,1.0408,1.04084,1.04075,1.0408,279.76
24.11.2022 22:31:00.000 UTC,1.04079,1.04085,1.04075,1.04085,224.9
24.11.2022 22:32:00.000 UTC,1.04085,1.04085,1.04085,1.04085,54
24.11.2022 22:33:00.000 UTC,1.04085,1.04085,1.04085,1.04085,21
24.11.2022 22:34:00.000 UTC,1.04085,1.04085,1.04085,1.04085,35
24.11.2022 22:35:00.000 UTC,1.04085,1.04085,1.04085,1.04085,25
24.11.2022 22:36:00.000 UTC,1.04085,1.04085,1.04085,1.04085,9
24.11.2022 22:37:00.000 UTC,1.04085,1.04085,1.04075,1.04085,16.97
24.11.2022 22:38:00.000 UTC,1.04085,1.04085,1.04085,1.04085,16.83
24.11.2022 22:39:00.000 UTC,1.04085,1.04085,1.04085,1.04085,20.65
24.11.2022 22:40:00.000 UTC,1.04085,1.04092,1.04085,1.04085,21.02
24.11.2022 22:41:00.000 UTC,1.04085,1.04085,1.04085,1.04085,1.96
24.11.2022 22:42:00.000 UTC,1.04085,1.04085,1.04085,1.04085,13.67
24.11.2022 22:43:00.000 UTC,1.04085,1.04088,1.04085,1.04085,26.11
24.11.2022 22:44:00.000 UTC,1.04085,1.04086,1.04085,1.04085,18.45
24.11.2022 22:45:00.000 UTC,1.04086,1.04086,1.04085,1.04085,61.68
24.11.2022 22:46:00.000 UTC,1.04085,1.04085,1.04085,1.04085,8.73
24.11.2022 22:47:00.000 UTC,1.04085,1.04085,1.04085,1.04085,3.88
24.11.2022 22:48:00.000 UTC,1.04085,1.04085,1.04085,1.04085,5.82
24.11.2022 22:49:00.000 UTC,1.04085,1.04085,1.04085,1.04085,6.79
24.11.2022 22:50:00.000 UTC,1.04085,1.04085,1.04085,1.04085,4.85
24.11.2022 22:51:00.000 UTC,1.04085,1.04085,1.04085,1.04085,6.79
24.11.2022 22:52:00.000 UTC,1.04085,1.04085,1.04085,1.04085,14.55
24.11.2022 22:53:00.000 UTC,1.04085,1.04085,1.04075,1.04075,42.47
24.11.2022 22:54:00.000 UTC,1.04074,1.04075,1.04073,1.04073,62.1
24.11.2022 22:55:00.000 UTC,1.04073,1.04074,1.04073,1.04074,28.8
24.11.2022 22:56:00.000 UTC,1.04075,1.04081,1.04075,1.0408,14.19
24.11.2022 22:57:00.000 UTC,1.04081,1.04081,1.0408,1.04081,10.8
24.11.2022 22:58:00.000 UTC,1.04081,1.04082,1.0408,1.04081,11.03
24.11.2022 22:59:00.000 UTC,1.04081,1.04081,1.04079,1.04079,6.53
24.11.2022 23:00:00.000 UTC,1.0408,1.04089,1.04077,1.04079,176.18
24.11.2022 23:01:00.000 UTC,1.0408,1.0408,1.04068,1.04069,119.62
24.11.2022 23:02:00.000 UTC,1.04068,1.04071,1.04063,1.04071,94.42
24.11.2022 23:03:00.000 UTC,1.04074,1.04078,1.04073,1.04078,28.3
24.11.2022 23:04:00.000 UTC,1.04079,1.04083,1.04079,1.04079,26.06
24.11.2022 23:05:00.000 UTC,1.04079,1.04083,1.04078,1.04078,45.76
24.11.2022 23:06:00.000 UTC,1.04079,1.04084,1.04079,1.04079,28.78
24.11.2022 23:07:00.000 UTC,1.04078,1.04086,1.04068,1.04072,93.44
24.11.2022 23:08:00.000 UTC,1.04073,1.04078,1.04073,1.04078,52.06
24.11.2022 23:09:00.000 UTC,1.04078,1.04079,1.04073,1.04078,76.78
24.11.2022 23:10:00.000 UTC,1.04078,1.04086,1.04078,1.04084,133.33
24.11.2022 23:11:00.000 UTC,1.04086,1.04093,1.04083,1.0409,166.41
24.11.2022 23:12:00.000 UTC,1.04089,1.04094,1.04088,1.04094,27.9
24.11.2022 23:13:00.000 UTC,1.04092,1.04095,1.04084,1.04088,289.71
24.11.2022 23:14:00.000 UTC,1.04087,1.04088,1.04083,1.04087,73.68
24.11.2022 23:15:00.000 UTC,1.04085,1.0409,1.04075,1.04076,146.36
24.11.2022 23:16:00.000 UTC,1.04077,1.04087,1.04076,1.04084,238.69
24.11.2022 23:17:00.000 UTC,1.04084,1.04084,1.04074,1.04078,361.56
24.11.2022 23:18:00.000 UTC,1.0408,1.0408,1.04068,1.04078,282.97
24.11.2022 23:19:00.000 UTC,1.04078,1.04087,1.04078,1.0408,205.56
24.11.2022 23:20:00.000 UTC,1.04081,1.04082,1.04078,1.0408,128.92
24.11.2022 23:21:00.000 UTC,1.0408,1.04084,1.04079,1.04082,128.12
24.11.2022 23:22:00.000 UTC,1.04081,1.04091,1.04079,1.04089,170.88
24.11.2022 23:23:00.000 UTC,1.04089,1.0409,1.04084,1.04087,139.92
24.11.2022 23:24:00.000 UTC,1.04087,1.0409,1.04084,1.04087,186.08
24.11.2022 23:25:00.000 UTC,1.04087,1.04093,1.04087,1.04091,111.48
24.11.2022 23:26:00.000 UTC,1.04092,1.04092,1.04088,1.04091,158.22
24.11.2022 23:27:00.000 UTC,1.04091,1.04092,1.04073,1.04075,244.81
24.11.2022 23:28:00.000 UTC,1.04074,1.04074,1.04068,1.04069,132.18
24.11.2022 23:29:00.000 UTC,1.04068,1.04068,1.04064,1.04064,156.48
24.11.2022 23:30:00.000 UTC,1.04065,1.04082,1.04065,1.04079,216
24.11.2022 23:31:00.000 UTC,1.04079,1.04079,1.04069,1.04075,231.71
24.11.2022 23:32:00.000 UTC,1.04075,1.04078,1.04073,1.04075,199.8
24.11.2022 23:33:00.000 UTC,1.04073,1.04074,1.04069,1.04069,93.14
24.11.2022 23:34:00.000 UTC,1.0407,1.04071,1.04064,1.04068,298.06
24.11.2022 23:35:00.000 UTC,1.04069,1.0407,1.04068,1.04069,196
24.11.2022 23:36:00.000 UTC,1.04069,1.0407,1.04069,1.04069,25.2
24.11.2022 23:37:00.000 UTC,1.04069,1.0407,1.04069,1.04069,10.8
24.11.2022 23:38:00.000 UTC,1.04069,1.04079,1.04069,1.04071,63.76
24.11.2022 23:39:00.000 UTC,1.04071,1.04074,1.04069,1.04073,27.98
24.11.2022 23:40:00.000 UTC,1.04074,1.04086,1.04073,1.04078,86.69
24.11.2022 23:41:00.000 UTC,1.04078,1.04078,1.04073,1.04073,33.2
24.11.2022 23:42:00.000 UTC,1.04074,1.04074,1.04073,1.04074,41.36
24.11.2022 23:43:00.000 UTC,1.04073,1.0408,1.04073,1.04079,73.82
24.11.2022 23:44:00.000 UTC,1.04079,1.04082,1.04079,1.04079,71.04
24.11.2022 23:45:00.000 UTC,1.04079,1.04079,1.04074,1.04074,31.86
24.11.2022 23:46:00.000 UTC,1.04078,1.04079,1.04074,1.04074,41.76
24.11.2022 23:47:00.000 UTC,1.04075,1.04075,1.04073,1.04073,22.02
24.11.2022 23:48:00.000 UTC,1.04073,1.04079,1.04073,1.04079,73.76
24.11.2022 23:49:00.000 UTC,1.04077,1.04078,1.04074,1.04078,37.74
24.11.2022 23:50:00.000 UTC,1.04078,1.04078,1.04075,1.04075,32.36
24.11.2022 23:51:00.000 UTC,1.04074,1.04074,1.04069,1.04071,14.4
24.11.2022 23:52:00.000 UTC,1.04071,1.04074,1.04071,1.04073,48.1
24.11.2022 23:53:00.000 UTC,1.04072,1.04079,1.04072,1.04079,82.72
24.11.2022 23:54:00.000 UTC,1.04078,1.04083,1.04074,1.04074,73.91
24.11.2022 23:55:00.000 UTC,1.04075,1.04078,1.04073,1.04073,70.76
24.11.2022 23:56:00.000 UTC,1.04073,1.04074,1.04073,1.04074,85.02
24.11.2022 23:57:00.000 UTC,1.04073,1.04074,1.04073,1.04073,25.18
24.11.2022 23:58:00.000 UTC,1.04073,1.04076,1.04073,1.04074,53.16
24.11.2022 23:59:00.000 UTC,1.04074,1.04078,1.04074,1.04074,67.52